legislature,anomalia,chi,a_chi,interventi
16,applauso all'avversario,FLI,FI,291
4,applauso all'avversario,PCI,PSI,260
16,applauso all'avversario,PD,FI,179
1,applauso all'avversario,PCI+PSI,DC,156
13,applauso all'avversario,PDCI,RC,153
16,applauso all'avversario,IDV,FI,101
1,applauso all'avversario,DC,PCI+PSI,95
1,applauso all'avversario,DC,BN,92
17,applauso all'avversario,SEL,PD,85
16,applauso all'avversario,UDC,FI,76
10,applauso all'avversario,VERDI,DC,70
11,applauso all'avversario,LEGA,DC,69
18,applauso all'avversario,FDI,M5S,63
17,applauso all'avversario,PD,SEL,58
10,applauso all'avversario,RAD,PSI,57
16,applauso all'avversario,FI,UDC,57
18,applauso all'avversario,FDI,PD,57
14,applauso all'avversario,DS,FI,53
14,applauso all'avversario,MARGH,FI,53
16,applauso all'avversario,FI,PD,51
14,applauso all'avversario,DS,AN,49
17,applauso all'avversario,LEU,PD,48
18,applauso all'avversario,FDI,FI,47
13,applauso all'avversario,DS,RC,46
2,applauso all'avversario,PCI+PSI,DC,45
13,applauso all'avversario,FI,DS,45
13,applauso all'avversario,AN,DS,43
10,applauso all'avversario,PSI,PCI,42
1,applauso all'avversario,DC,PSDI,41
13,applauso all'avversario,LEGA,DS,40
14,applauso all'avversario,FI,MARGH,40
16,applauso all'avversario,PRI,FI,40
17,applauso all'avversario,PD,M5S,40
9,applauso all'avversario,DP,DC,39
10,applauso all'avversario,DP,DC,39
10,applauso all'avversario,PSI,MSI,39
17,applauso all'avversario,M5S,PD,39
1,applauso all'avversario,PCI+PSI,PSDI,38
16,applauso all'avversario,PD,IDV,38
16,applauso all'avversario,LEGA,PD,37
8,applauso all'avversario,DC,RAD,36
3,applauso all'avversario,DC,PCI,35
13,applauso all'avversario,PPI,UDC,35
17,applauso all'avversario,PD,FI,35
5,applauso all'avversario,PCI,PSU,34
16,applauso all'avversario,FI,IDV,34
1,applauso all'avversario,PCI+PSI,PRI,32
16,applauso all'avversario,LEGA,FI,32
18,applauso all'avversario,FI,PD,32
14,applauso all'avversario,MARGH,AN,29
11,applauso all'avversario,DC,RAD,28
10,applauso all'avversario,VERDI,PSI,27
18,applauso all'avversario,FI,M5S,27
18,applauso all'avversario,LEGA,PD,27
10,applauso all'avversario,PCI,DC,26
14,applauso all'avversario,AN,MARGH,26
17,applauso all'avversario,PSI,PD,26
9,applauso all'avversario,SI,PRI,25
13,applauso all'avversario,DS,UDC,25
13,applauso all'avversario,DS,FI,24
14,applauso all'avversario,FI,DS,24
16,applauso all'avversario,PD,LEGA,24
18,applauso all'avversario,LEGA,M5S,24
10,applauso all'avversario,RAD,DC,23
11,applauso all'avversario,MSI,DC,23
16,applauso all'avversario,PLI,FI,23
4,applauso all'avversario,PCI,DC,22
10,applauso all'avversario,PCI,PSI,22
13,applauso all'avversario,DS,LEGA,22
11,applauso all'avversario,PSI,RAD,21
13,applauso all'avversario,FI,PPI,21
13,applauso all'avversario,AN,RC,21
15,applauso all'avversario,FI,ULIVO,21
2,applauso all'avversario,DC,PSI,20
2,applauso all'avversario,PCI+PSI,PSDI,20
3,applauso all'avversario,PCI+PSI,DC,20
11,applauso all'avversario,RAD,PSI,20
13,applauso all'avversario,LEGA,RC,20
13,applauso all'avversario,PPI,FI,20
13,applauso all'avversario,PPI,RC,20
1,applauso all'avversario,DC,PSI,19
9,applauso all'avversario,PCI,PRI,19
9,applauso all'avversario,PCI,DC,19
10,applauso all'avversario,SI,DC,19
13,applauso all'avversario,PPI,LEGA,19
13,applauso all'avversario,DS,DEM,19
13,applauso all'avversario,PPI,AN,19
14,applauso all'avversario,DS,LEGA,19
18,applauso all'avversario,RC,M5S,19
4,applauso all'avversario,DC,PCI,18
10,applauso all'avversario,MSI,PSI,18
13,applauso all'avversario,FI,RC,18
13,applauso all'avversario,IDV,DEM,18
16,applauso all'avversario,LEGA,UDC,18
16,applauso all'avversario,LEGA,IDV,18
2,applauso all'avversario,DC,PCI,17
9,applauso all'avversario,PSI,PCI,17
13,applauso all'avversario,RC,PDCI,17
13,applauso all'avversario,DS,AN,17
3,applauso all'avversario,PCI+PSI,PSDI,16
8,applauso all'avversario,RAD,DC,16
8,applauso all'avversario,PCI,DC,16
1,applauso all'avversario,DC,MON,15
5,applauso all'avversario,DC,PCI,15
6,applauso all'avversario,DC,MSI,15
9,applauso all'avversario,MSI,DC,15
14,applauso all'avversario,FI,RC,15
16,applauso all'avversario,IDV,LEGA,15
3,applauso all'avversario,DC,PLI,14
4,applauso all'avversario,DC,PLI,14
17,applauso all'avversario,FI,PD,14
5,applauso all'avversario,PCI,DC,13
10,applauso all'avversario,VERDI,PLI,13
10,applauso all'avversario,DC,PCI,13
13,applauso all'avversario,LEGA,PPI,13
13,applauso all'avversario,PPI,DEM,13
14,applauso all'avversario,MARGH,LEGA,13
14,applauso all'avversario,AN,DS,13
17,applauso all'avversario,M5S,UDC,13
18,applauso all'avversario,RAD,PD,13
1,applauso all'avversario,DC,MSI,12
2,applauso all'avversario,DC,MON,12
4,applauso all'avversario,DC,MSI,12
6,applauso all'avversario,DC,PCI,12
8,applauso all'avversario,DC,PCI,12
11,applauso all'avversario,DC,LEGA,12
13,applauso all'avversario,FI,VERDI,12
13,applauso all'avversario,AN,PPI,12
14,applauso all'avversario,PDCI,FI,12
14,applauso all'avversario,VERDI,FI,12
15,applauso all'avversario,AN,ULIVO,12
15,applauso all'avversario,PSI,ULIVO,12
15,applauso all'avversario,PSI,RNP,12
15,applauso all'avversario,RAD,RNP,12
17,applauso all'avversario,SEL,UDC,12
18,applauso all'avversario,FDI,LEU,12
2,applauso all'avversario,DC,PRI,11
9,applauso all'avversario,DC,PCI,11
11,applauso all'avversario,LEGA,PSI,11
11,applauso all'avversario,PLI,RAD,11
11,applauso all'avversario,VERDI,DC,11
15,applauso all'avversario,FI,RNP,11
18,applauso all'avversario,FDI,LEGA,11
18,applauso all'avversario,RAD,FI,11
18,applauso all'avversario,VERDI,M5S,11
18,applauso all'avversario,IV,IDV,11
2,applauso all'avversario,PCI+PSI,PRI,10
3,applauso all'avversario,DC,PSI,10
4,applauso all'avversario,MSI,DC,10
6,applauso all'avversario,PCI,PSI,10
8,applauso all'avversario,RAD,PSI,10
9,applauso all'avversario,RAD,DC,10
11,applauso all'avversario,MSI,PLI,10
11,applauso all'avversario,MSI,PSI,10
13,applauso all'avversario,UDC,DS,10
13,applauso all'avversario,LEGA,VERDI,10
14,applauso all'avversario,LEGA,DS,10
14,applauso all'avversario,PDCI,AN,10
14,applauso all'avversario,RC,AN,10
14,applauso all'avversario,RNP,FI,10
18,applauso all'avversario,PD,FI,10
2,applauso all'avversario,PCI+PSI,PLI,9
3,applauso all'avversario,DC,MON,9
8,applauso all'avversario,DC,MSI,9
9,applauso all'avversario,PCI,PSI,9
9,applauso all'avversario,DC,MSI,9
10,applauso all'avversario,DP,PSI,9
12,applauso all'avversario,AN,RC,9
12,applauso all'avversario,AN,MSI,9
13,applauso all'avversario,RC,FI,9
13,applauso all'avversario,FI,PRI,9
13,applauso all'avversario,RC,LEGA,9
13,applauso all'avversario,RC,DEM,9
14,applauso all'avversario,MARGH,UDC,9
14,applauso all'avversario,DS,UDC,9
14,applauso all'avversario,AN,RC,9
14,applauso all'avversario,LEGA,MARGH,9
14,applauso all'avversario,DS,PSI,9
14,applauso all'avversario,FI,VERDI,9
17,applauso all'avversario,LEGA,FI,9
18,applauso all'avversario,FI,FDI,9
18,applauso all'avversario,PSI,LEU,9
2,applauso all'avversario,DC,PLI,8
3,applauso all'avversario,PCI+PSI,PRI,8
5,applauso all'avversario,DC,MSI,8
7,applauso all'avversario,PLI,DC,8
8,applauso all'avversario,PCI,PSI,8
10,applauso all'avversario,MSI,DC,8
11,applauso all'avversario,VERDI,PLI,8
11,applauso all'avversario,RAD,DC,8
11,applauso all'avversario,VERDI,PSI,8
12,applauso all'avversario,MSI,AN,8
12,applauso all'avversario,PROGR,LEGA,8
13,applauso all'avversario,AN,VERDI,8
13,applauso all'avversario,RC,DS,8
14,applauso all'avversario,SDI,FI,8
15,applauso all'avversario,RNP,FI,8
15,applauso all'avversario,LEGA,RNP,8
16,applauso all'avversario,IDV,PD,8
18,applauso all'avversario,M5S,IDV,8
4,applauso all'avversario,PCI,PRI,7
6,applauso all'avversario,MSI,DC,7
9,applauso all'avversario,PDUP,PSI,7
9,applauso all'avversario,RAD,PSI,7
10,applauso all'avversario,PSI,PRI,7
11,applauso all'avversario,RC,DC,7
13,applauso all'avversario,AN,PRI,7
13,applauso all'avversario,LEGA,PRI,7
13,applauso all'avversario,LEGA,DEM,7
14,applauso all'avversario,AN,VERDI,7
15,applauso all'avversario,FI,IDV,7
15,applauso all'avversario,RC,FI,7
17,applauso all'avversario,M5S,FI,7
17,applauso all'avversario,LEGA,UDC,7
17,applauso all'avversario,PLI,PD,7
17,applauso all'avversario,FI,UDC,7
17,applauso all'avversario,LEGA,PD,7
18,applauso all'avversario,LEGA,FDI,7
18,applauso all'avversario,M5S,FI,7
2,applauso all'avversario,DC,PSDI,6
3,applauso all'avversario,DC,MSI,6
4,applauso all'avversario,PCI,PSDI,6
5,applauso all'avversario,DC,PLI,6
5,applauso all'avversario,DC,PSIUP,6
9,applauso all'avversario,DP,PSI,6
10,applauso all'avversario,PSI,RAD,6
10,applauso all'avversario,RAD,PLI,6
10,applauso all'avversario,SI,PSI,6
11,applauso all'avversario,RAD,PLI,6
11,applauso all'avversario,PSI,PDS,6
11,applauso all'avversario,PSI,MSI,6
12,applauso all'avversario,FI,RC,6
12,applauso all'avversario,FI,DC,6
13,applauso all'avversario,PPI,MARGH,6
13,applauso all'avversario,VERDI,FI,6
13,applauso all'avversario,PDCI,UDC,6
13,applauso all'avversario,RC,VERDI,6
14,applauso all'avversario,AN,PDCI,6
15,applauso all'avversario,AN,RNP,6
15,applauso all'avversario,ULIVO,FI,6
15,applauso all'avversario,FI,RC,6
15,applauso all'avversario,LEGA,ULIVO,6
16,applauso all'avversario,FI,LEGA,6
18,applauso all'avversario,LEGA,FI,6
18,applauso all'avversario,PD,M5S,6
3,applauso all'avversario,DC,PRI,5
4,applauso all'avversario,MSI,PSI,5
8,applauso all'avversario,MSI,DC,5
9,applauso all'avversario,DP,PRI,5
10,applauso all'avversario,VERDI,PRI,5
11,applauso all'avversario,LEGA,PLI,5
11,applauso all'avversario,RAD,PSDI,5
11,applauso all'avversario,MSI,PSDI,5
11,applauso all'avversario,PRI,DC,5
11,applauso all'avversario,RC,PSI,5
12,applauso all'avversario,FI,PROGR,5
12,applauso all'avversario,RC,LEGA,5
12,applauso all'avversario,AN,DC,5
12,applauso all'avversario,PROGR,FI,5
13,applauso all'avversario,UDC,PPI,5
13,applauso all'avversario,ULIVO,DS,5
13,applauso all'avversario,RC,AN,5
13,applauso all'avversario,DS,IDV,5
13,applauso all'avversario,VERDI,RC,5
13,applauso all'avversario,PDCI,LEGA,5
13,applauso all'avversario,DEM,IDV,5
14,applauso all'avversario,UDC,MARGH,5
14,applauso all'avversario,FI,SDI,5
14,applauso all'avversario,AN,SDI,5
14,applauso all'avversario,PDCI,PSI,5
15,applauso all'avversario,AN,RC,5
16,applauso all'avversario,IDV,UDC,5
17,applauso all'avversario,FI,FDI,5
18,applauso all'avversario,PD,LEGA,5
18,applauso all'avversario,FI,LEGA,5
18,applauso all'avversario,FI,LEU,5
16,applauso tra opposizioni opposte,UDC,PD,139
13,applauso tra opposizioni opposte,FI,UDC,68
13,applauso tra opposizioni opposte,AN,UDC,53
16,applauso tra opposizioni opposte,PD,UDC,50
11,applauso tra opposizioni opposte,RC,LEGA,42
13,applauso tra opposizioni opposte,UDC,FI,42
1,applauso tra opposizioni opposte,PCI+PSI,PSDI,31
17,applauso tra opposizioni opposte,SEL,M5S,30
17,applauso tra opposizioni opposte,M5S,SEL,27
17,applauso tra opposizioni opposte,M5S,FI,27
16,applauso tra opposizioni opposte,IDV,UDC,26
1,applauso tra opposizioni opposte,PCI+PSI,BN,20
13,applauso tra opposizioni opposte,FI,RC,20
13,applauso tra opposizioni opposte,LEGA,UDC,19
13,applauso tra opposizioni opposte,LEGA,RC,19
15,applauso tra opposizioni opposte,PRI,FI,19
3,applauso tra opposizioni opposte,PCI+PSI,PSDI,18
13,applauso tra opposizioni opposte,AN,RC,18
17,applauso tra opposizioni opposte,M5S,LEGA,18
18,applauso tra opposizioni opposte,PD,FI,17
4,applauso tra opposizioni opposte,MSI,PCI,16
13,applauso tra opposizioni opposte,RC,LEGA,15
1,applauso tra opposizioni opposte,PCI+PSI,MON,14
9,applauso tra opposizioni opposte,MSI,PCI,14
16,applauso tra opposizioni opposte,LEGA,IDV,14
18,applauso tra opposizioni opposte,FI,PD,14
17,applauso tra opposizioni opposte,FI,SEL,13
17,applauso tra opposizioni opposte,FDI,M5S,13
3,applauso tra opposizioni opposte,PCI+PSI,PRI,12
11,applauso tra opposizioni opposte,MSI,RC,12
15,applauso tra opposizioni opposte,PSI,FI,11
2,applauso tra opposizioni opposte,PCI+PSI,MON,10
13,applauso tra opposizioni opposte,FI,PRI,10
15,applauso tra opposizioni opposte,FI,UDC,10
15,applauso tra opposizioni opposte,DC,FI,10
17,applauso tra opposizioni opposte,M5S,FDI,10
17,applauso tra opposizioni opposte,SEL,FI,10
2,applauso tra opposizioni opposte,PCI+PSI,PSDI,9
11,applauso tra opposizioni opposte,LEGA,PDS,9
2,applauso tra opposizioni opposte,PCI+PSI,PRI,8
11,applauso tra opposizioni opposte,MSI,RETE,8
11,applauso tra opposizioni opposte,PRI,RETE,8
16,applauso tra opposizioni opposte,UDC,IDV,8
17,applauso tra opposizioni opposte,PLI,FI,8
9,applauso tra opposizioni opposte,PCI,MSI,7
10,applauso tra opposizioni opposte,MSI,PRI,7
13,applauso tra opposizioni opposte,UDC,LEGA,7
13,applauso tra opposizioni opposte,UDC,AN,7
10,applauso tra opposizioni opposte,PCI,MSI,6
10,applauso tra opposizioni opposte,VERDI,MSI,6
13,applauso tra opposizioni opposte,FI,IDV,6
13,applauso tra opposizioni opposte,AN,PRI,6
15,applauso tra opposizioni opposte,AN,UDC,6
5,applauso tra opposizioni opposte,PCI,MSI,5
8,applauso tra opposizioni opposte,MSI,PCI,5
8,applauso tra opposizioni opposte,PCI,MSI,5
12,applauso tra opposizioni opposte,PROGR,PPI,5
13,applauso tra opposizioni opposte,ULIVO,AN,5
15,applauso tra opposizioni opposte,DC,LEGA,5
15,applauso tra opposizioni opposte,PSI,LEGA,5
17,applauso tra opposizioni opposte,LEGA,SEL,5
1,ostilità tra alleati,DC,PRI,60
1,ostilità tra alleati,DC,PSDI,60
4,ostilità tra alleati,DC,PSI,50
14,ostilità tra alleati,AN,FI,36
3,ostilità tra alleati,DC,PSDI,29
4,ostilità tra alleati,PSI,DC,25
18,ostilità tra alleati,PD,LEGA,25
2,ostilità tra alleati,DC,PSDI,24
5,ostilità tra alleati,DC,PSU,21
18,ostilità tra alleati,LEGA,PD,21
1,ostilità tra alleati,DC,BN,20
14,ostilità tra alleati,AN,LEGA,17
12,ostilità tra alleati,FI,LEGA,16
14,ostilità tra alleati,LEGA,FI,16
18,ostilità tra alleati,LEGA,M5S,16
2,ostilità tra alleati,DC,MON,15
7,ostilità tra alleati,PCI,DC,15
12,ostilità tra alleati,AN,LEGA,15
14,ostilità tra alleati,LEGA,AN,15
9,ostilità tra alleati,DC,PSI,14
16,ostilità tra alleati,LEGA,FI,14
10,ostilità tra alleati,PSI,DC,13
14,ostilità tra alleati,FI,AN,12
16,ostilità tra alleati,PD,FI,11
10,ostilità tra alleati,DC,PSI,10
1,ostilità tra alleati,PSDI,DC,9
5,ostilità tra alleati,PSU,DC,9
9,ostilità tra alleati,PSI,DC,9
14,ostilità tra alleati,FI,LEGA,9
17,ostilità tra alleati,PD,FI,8
18,ostilità tra alleati,PD,M5S,8
2,ostilità tra alleati,DC,MSI,7
4,ostilità tra alleati,PRI,PSI,7
8,ostilità tra alleati,DC,PSI,7
12,ostilità tra alleati,LEGA,AN,7
16,ostilità tra alleati,FI,PD,7
2,ostilità tra alleati,MON,DC,6
3,ostilità tra alleati,DC,PLI,6
11,ostilità tra alleati,DC,PLI,6
12,ostilità tra alleati,LEGA,FI,6
1,ostilità tra alleati,PRI,DC,5
3,ostilità tra alleati,DC,MON,5
4,ostilità tra alleati,PSDI,PSI,5
4,ostilità tra alleati,PSI,PSDI,5
9,ostilità tra alleati,DC,PRI,5
14,ostilità tra alleati,AN,UDC,5
16,ostilità tra alleati,FI,LEGA,5
