legislature,anomalia,n,tot,pct,inizio,fine
1,applausi ironici o polemici,0,9367,0,1948,1953
2,applausi ironici o polemici,0,4725,0,1953,1958
3,applausi ironici o polemici,0,4693,0,1958,1963
4,applausi ironici o polemici,0,4635,0,1963,1968
5,applausi ironici o polemici,0,2873,0,1968,1972
6,applausi ironici o polemici,0,2896,0,1972,1976
7,applausi ironici o polemici,3,1792,0.17,1976,1979
8,applausi ironici o polemici,91,5086,1.79,1979,1983
9,applausi ironici o polemici,95,7354,1.29,1983,1987
10,applausi ironici o polemici,83,10850,0.76,1987,1992
11,applausi ironici o polemici,98,7777,1.26,1992,1994
12,applausi ironici o polemici,250,7759,3.22,1994,1996
13,applausi ironici o polemici,328,21480,1.53,1996,2001
14,applausi ironici o polemici,323,24370,1.33,2001,2006
15,applausi ironici o polemici,56,7086,0.79,2006,2008
16,applausi ironici o polemici,86,28629,0.3,2008,2013
17,applausi ironici o polemici,153,30130,0.51,2013,2018
18,applausi ironici o polemici,74,46581,0.16,2018,2022
1,applauso all'avversario,473,943,50.2,1948,1953
2,applauso all'avversario,160,390,41,1953,1958
3,applauso all'avversario,131,317,41.3,1958,1963
4,applauso all'avversario,344,641,53.7,1963,1968
5,applauso all'avversario,95,354,26.8,1968,1972
6,applauso all'avversario,56,154,36.4,1972,1976
7,applauso all'avversario,24,194,12.4,1976,1979
8,applauso all'avversario,141,405,34.8,1979,1983
9,applauso all'avversario,231,1514,15.3,1983,1987
10,applauso all'avversario,504,4163,12.1,1987,1992
11,applauso all'avversario,368,2021,18.2,1992,1994
12,applauso all'avversario,110,2476,4.4,1994,1996
13,applauso all'avversario,940,8152,11.5,1996,2001
14,applauso all'avversario,534,15240,3.5,2001,2006
15,applauso all'avversario,201,3374,6,2006,2008
16,applauso all'avversario,1067,6185,17.3,2008,2013
17,applauso all'avversario,437,2176,20.1,2013,2018
18,applauso all'avversario,481,5189,9.3,2018,2022
1,applauso tra opposizioni opposte,66,943,7,1948,1953
2,applauso tra opposizioni opposte,30,390,7.7,1953,1958
3,applauso tra opposizioni opposte,35,317,11,1958,1963
4,applauso tra opposizioni opposte,24,641,3.7,1963,1968
5,applauso tra opposizioni opposte,12,354,3.4,1968,1972
6,applauso tra opposizioni opposte,10,154,6.5,1972,1976
7,applauso tra opposizioni opposte,1,194,0.5,1976,1979
8,applauso tra opposizioni opposte,13,405,3.2,1979,1983
9,applauso tra opposizioni opposte,24,1514,1.6,1983,1987
10,applauso tra opposizioni opposte,26,4163,0.6,1987,1992
11,applauso tra opposizioni opposte,105,2021,5.2,1992,1994
12,applauso tra opposizioni opposte,10,2476,0.4,1994,1996
13,applauso tra opposizioni opposte,332,8152,4.1,1996,2001
15,applauso tra opposizioni opposte,75,3374,2.2,2006,2008
16,applauso tra opposizioni opposte,243,6185,3.9,2008,2013
17,applauso tra opposizioni opposte,176,2176,8.1,2013,2018
18,applauso tra opposizioni opposte,50,5189,1,2018,2022
1,ostilità tra alleati,159,6339,2.5,1948,1953
2,ostilità tra alleati,68,2082,3.3,1953,1958
3,ostilità tra alleati,57,1807,3.2,1958,1963
4,ostilità tra alleati,108,2212,4.9,1963,1968
5,ostilità tra alleati,38,1232,3.1,1968,1972
6,ostilità tra alleati,4,522,0.8,1972,1976
7,ostilità tra alleati,24,606,4,1976,1979
8,ostilità tra alleati,16,1842,0.9,1979,1983
9,ostilità tra alleati,44,1279,3.4,1983,1987
10,ostilità tra alleati,27,814,3.3,1987,1992
11,ostilità tra alleati,17,776,2.2,1992,1994
12,ostilità tra alleati,55,972,5.7,1994,1996
13,ostilità tra alleati,23,3156,0.7,1996,2001
14,ostilità tra alleati,119,6043,2,2001,2006
15,ostilità tra alleati,9,1351,0.7,2006,2008
16,ostilità tra alleati,42,2640,1.6,2008,2013
17,ostilità tra alleati,12,1692,0.7,2013,2018
18,ostilità tra alleati,81,2297,3.5,2018,2022
