legislature,target_speaker,partito,dal,al,certezza,nota
14,FRANCESCO RUTELLI,MARGH,,,sicuro,"leader della Margherita; esclusivi MARGH 4"
13,LUCIANA SBARBATI,PRI,,,probabile,"repubblicana; esclusivi PRI 7, RC 6"
13,ROMANO PRODI,GOVERNO,,,sicuro,"presidente del Consiglio, leader dell'Ulivo senza partito"
13,TIZIANA PARENTI,SDI,,,da verificare,"eletta con FI; esclusivi SDI 11, FI 9: probabile passaggio durante la legislatura"
13,RINO PISCITELLO,DEM,,,probabile,"La Rete, poi I Democratici; esclusivi DEM 4"
18,ROBERTO SPERANZA,LEU,,,sicuro,"Articolo 1 / LeU, ministro della Salute"
12,LELIO LANTELLA,AN,,,da verificare,"esclusivi AN 6, FI 5"
14,CESARE PREVITI,FI,,,sicuro,
14,BOBO CRAXI,PSI,,,sicuro,"Nuovo PSI"
14,GIUSEPPE VEGAS,FI,,,sicuro,
14,CHIARA MORONI,PSI,,,probabile,"Nuovo PSI; tutti gli applausi: PSI 27, PRI 20"
14,MARCO FOLLINI,UDC,,,sicuro,
14,ROBERTO CASTELLI,LEGA,,,sicuro,"ministro della Giustizia"
13,NATALE D'AMICO,ALTRI,,,probabile,"Rinnovamento Italiano (Dini)"
14,GIANFRANCO FINI,AN,,,sicuro,
18,FABIOLA BOLOGNA,M5S,,,da verificare,"eletta col M5S, poi uscita dal gruppo"
18,GIUSEPPINA OCCHIONERO,LEU,,2019-09-17,probabile,"LeU, poi Italia Viva: data del passaggio approssimata (nascita di IV)"
18,GIUSEPPINA OCCHIONERO,IV,2019-09-18,,probabile,
18,YANA CHIARA EHM,M5S,,2021-02-16,da verificare,"M5S, poi Misto-ManifestA con Rifondazione: data approssimata (voto sul governo Draghi)"
18,YANA CHIARA EHM,RC,2021-02-17,,da verificare,
12,STEFANO PODESTÀ,FI,,,probabile,"ministro dell'Università nel governo Berlusconi I"
13,PIERLUIGI PETRINI,PPI,,,probabile,"esclusivi PPI 4"
18,PAOLO GIULIODORI,M5S,,,probabile,
13,VINCENZO VISCO,DS,,,sicuro,"ministro delle Finanze"
18,CRISTIAN ROMANIELLO,M5S,,2021-02-16,da verificare,"M5S, poi Europa Verde: data approssimata"
18,CRISTIAN ROMANIELLO,VERDI,2021-02-17,,da verificare,
18,LUCIANA LAMORGESE,GOVERNO,,,sicuro,"ministra dell'Interno tecnica"
12,SILVIO LIOTTA,FI,,,da verificare,"esclusivi FI 4"
13,DOMENICO MASELLI,DS,,,probabile,
14,ANTONIO MACCANICO,MARGH,,,sicuro,
18,SARA CUNIAL,MISTO,,,da verificare,"eletta col M5S, espulsa nel 2019"
18,MARTINA PARISSE,M5S,,,da verificare,
13,PIERO FASSINO,DS,,,sicuro,
14,CLAUDIO SCAJOLA,FI,,,sicuro,
13,ERNESTO STAJANO,DS,,,da verificare,"tutti gli applausi: DS 3, PPI 3"
12,CARMELO PORCU,AN,,,sicuro,
13,ROSY BINDI,PPI,,,sicuro,"ministra della Sanità"
13,ELENA MONTECCHI,DS,,,probabile,
13,GIORGIO BOGI,DS,,,da verificare,"repubblicano, poi nei DS (Sinistra repubblicana)"
13,MICHELE PINTO,PPI,,,probabile,"ministro delle Politiche agricole"
14,ALESSANDRA MUSSOLINI,AN,,2003-11-30,probabile,"esce da AN a fine 2003 (Alternativa Sociale): data approssimata"
14,ALESSANDRA MUSSOLINI,ALTRI,2003-12-01,,probabile,
14,GIANCARLO GIORGETTI,LEGA,,,sicuro,
18,ARIANNA SPESSOTTO,M5S,,,da verificare,"nessun applauso con gruppo esplicito"
18,MARIO DRAGHI,GOVERNO,,,sicuro,"presidente del Consiglio tecnico; la regola automatica lo assegnava a FI (6 contro 4)"
18,PAOLO SAVONA,GOVERNO,,,sicuro,"ministro tecnico; automatico: non attribuito"
18,SERGIO COSTA,GOVERNO,,,sicuro,"ministro dell'Ambiente non parlamentare"
13,LAMBERTO DINI,ALTRI,,,probabile,"Rinnovamento Italiano, ministro degli Esteri"
18,LORENZO FIORAMONTI,M5S,,2019-12-25,da verificare,"M5S fino alle dimissioni da ministro (dic. 2019), poi Misto; la regola automatica dava PSI"
18,LORENZO FIORAMONTI,MISTO,2019-12-26,,da verificare,
