n,id_candidati,data,governo,tipo,chi,a_chi,oratore,sintesi,citazione,annotazione,verifica
1,7,1953-01-16,De Gasperi VII,applauso tra opposizioni opposte,PCI+PSI e MSI,liberale dissidente,Epicarmo Corbino,"Legge truffa: il liberale Corbino annuncia che uscirà dall'aula per non votarla; lo applaudono insieme estrema sinistra ed estrema destra","me ne andrò fuori dell'aula, perché soltanto così si farà salvo il ricorso alla storia","Vivissimi applausi all'estrema sinistra e alla estrema destra - Commenti al centro e a destra",ok
2,13,1958-03-14,Zoli,ostilità tra alleati,DC e sinistra,MSI,Giovanni Roberti,"L'MSI, che regge dall'esterno il monocolore Zoli, annuncia l'abbandono dell'aula: proteste di sinistra e centro","abbandoneremo l'aula di un Parlamento che non è più il Parlamento italiano, ma un Parlamento di parte","Vivissime proteste a sinistra e al centro",ok
3,23,1960-07-07,Tambroni,applauso corale dopo uno scontro,tutta l'aula,PRI,Cino Macrelli,"Giorni del governo Tambroni: il repubblicano Macrelli grida «Viva il Parlamento!», la sinistra si alza in piedi, poi anche centro e destra","E anche oggi lo ripetiamo: «Viva il Parlamento!»","Vivissimi applausi a sinistra - Si grida all'estrema sinistra: Viva il Parlamento! - I deputati della sinistra si levano in piedi... - I deputati del centro e della destra si levano in piedi ed applaudono lungamente",ok (applauso corale: va presentato come eccezione)
4,25,1962-01-19,Fanfani III,ostilità tra alleati,DC,PSDI,Gian Carlo Matteotti,"Il socialdemocratico Matteotti attacca Piccioni (DC) e la DC protesta: caso Montesi","Non ho mai detto che l'onorevole Piccioni è il padre di assassini","Vivissime proteste al centro",da verificare il contesto (commissione d'inchiesta)
5,33,1969-11-26,Rumor II,applauso all'avversario,PCI e PLI,PSU,Vito Vittorio Lenoci,"Divorzio: il socialista Lenoci è applaudito da socialisti, comunisti e liberali, cioè da maggioranza e opposizioni opposte","la previsione di scioglimento del vincolo matrimoniale","Vivi applausi a sinistra, all'estrema sinistra e dei deputati del gruppo liberale",ok
6,40,1970-11-17,Colombo,ostilità tra alleati,PSU (Fortuna),DC,Angelo Castelli,"Divorzio: il democristiano Castelli e il socialista Fortuna, alleati di governo, si interrompono a vicenda","onorevole Fortuna, non è legittimo che lei in quest'aula adoperi i linguaggi ovattati e fuori operi contro la libertà del Parlamento","Proteste del deputato Fortuna",ok
7,44,1971-07-15,Colombo,ostilità tra alleati,DC,PSU,Salvatore Frasca,"Rivolta di Reggio Calabria: il socialista Frasca accusa la DC calabrese di connivenza con la destra fascista","egualmente forti sono le responsabilità della democrazia cristiana calabrese","Vive proteste al centro",ok
8,57,1978-04-13,Andreotti IV,applauso ironico,DC e PCI,radicali,Marco Pannella,"Solidarietà nazionale: DC e PCI applaudono insieme... che Pannella smetta di parlare","ho un solo modo per rispettare il suo modo di presiedere: smettere di parlare","Prolungati applausi al centro, a sinistra e all'estrema sinistra",ok
9,67,1978-12-16,Andreotti IV,ostilità tra alleati,PCI,PRI,Biagio Pinto,"Riforma universitaria: il PCI, in maggioranza, contesta un deputato registrato come repubblicano","È uno strano autobus questo sul quale stiamo viaggiando. C'è chi è sceso alla prima fermata e chi si è aggrappato all'ultima","Commenti all'estrema sinistra - Rumori",da verificare il partito di Pinto
10,81,1981-11-05,Spadolini I,applauso ironico,PCI,radicali,Alessandro Tessari,"Il radicale Tessari giura di non parlare più finché presiede la Iotti; i comunisti applaudono","non parlerò mai più","Vivi applausi all'estrema sinistra - Commenti al centro",ok
11,96,1989-05-31,De Mita,applauso tra opposizioni opposte,Verdi,MSI,Carlo Tassi,"I Verdi applaudono il missino Tassi sulla tassa sugli scarichi; lui prosegue dando loro dei «bombaroli anti-Montedison»","Questa sarebbe la cosa peggiore","Applausi dei deputati del gruppo verde",ok
12,107,1994-07-21,Berlusconi I,ostilità tra alleati,FI,Lega,Sergio Castellaneta,"Il leghista Castellaneta agli alleati di Forza Italia: complici del «regime dei ladri»","voi eravate nei salotti di Berlusconi... State zitti! Berlusca, state zitti!","Vivissime proteste dei deputati del gruppo di forza Italia",ok
13,123,1994-12-21,Berlusconi I,ostilità tra alleati + applauso all'avversario,"Lega, progressisti, Rifondazione, PPI / FI, AN, CCD",Lega,Umberto Bossi,"Bossi fa cadere il primo governo Berlusconi: lo applaude l'opposizione, gli ex alleati rispondono con applausi polemici","Questa non è e non sarà mai più, onorevole Berlusconi e onorevole Fini, la Camera dei fasci e delle corporazioni!","Vivi applausi... lega nord, progressisti-federativo, rifondazione comunista e partito popolare - Applausi polemici... forza Italia, alleanza nazionale-MSI e CCD - I deputati della lega si levano in piedi e gridano: Bossi! Bossi!",ok
14,139,1995-10-24,Dini,applauso tra nuovi alleati,"progressisti, Lega, PPI",PDS,Massimo D'Alema,"Il «ribaltone»: un anno dopo, la Lega applaude D'Alema insieme a progressisti e popolari","Vedete, anche questo è un indice di una cultura!","Vivi, prolungati applausi dei deputati dei gruppi progressisti-federativo, della lega nord, del partito popolare italiano",ok
15,156,2003-07-10,Berlusconi II,ostilità tra alleati,FI,Lega,Alessandro Cè,"Dentro la Casa delle libertà: «siamo stanchi di sentire la Lega», «È vero!» da Forza Italia","E vero? Sì? Allora, alzati e dillo, però, invece di essere sordo e muto!","Una voce dai banchi del gruppo di Forza Italia: «È vero!»",ok
16,159,2004-03-17,Berlusconi II,applauso ironico,"AN, Lega, FI",Verdi,Marco Boato,"Boato annuncia che il centrosinistra abbandona l'aula per protesta: la maggioranza applaude","Riteniamo gravissimo ciò che è avvenuto e abbandoniamo l'aula in segno di protesta","Vivi applausi dei deputati dei gruppi di Alleanza nazionale, della Lega Nord e di deputati del gruppo di Forza Italia",ok
17,164,2007-03-22,Prodi II,applauso all'avversario,"Lega, FI",Rosa nel Pugno,Roberto Villetti,"Laicità e scuole paritarie: il socialista Villetti (maggioranza) attacca il suo governo e lo applaude l'opposizione","non c'è un clima positivo per lo Stato laico","Applausi dei deputati dei gruppi Lega Nord Padania e Forza Italia",da verificare (applauso forse ironico)
18,184,2013-11-20,Letta,ostilità tra alleati,PD,PdL,Renato Brunetta,"Fine delle larghe intese: Brunetta accusa il PD di aver «ucciso» la coalizione votando la decadenza di Berlusconi","il Partito Democratico che ha ucciso le larghe intese con la decisione di votare la decadenza di Silvio Berlusconi","Proteste dei deputati del gruppo Partito Democratico",ok
19,186,2014-12-16,Renzi,applauso all'avversario,"PD, NCD",ex M5S,Tommaso Currò,"Currò annuncia l'uscita dal M5S: applaudono PD e NCD, il suo ex gruppo risponde con applausi polemici","annuncio la mia uscita dolorosa, Presidente, dal MoVimento 5 Stelle","Vivi applausi dei deputati dei gruppi Partito Democratico e Nuovo Centrodestra - Applausi polemici dei deputati del gruppo MoVimento 5 Stelle",ok
20,191,2019-02-27,Conte I,applauso tra opposizioni opposte,"FI, FdI",PD,Ivan Scalfarotto,"Venezuela: la maggioranza gialloverde si astiene e il PD, applaudito da FI e FdI, la accusa di non avere una politica estera","la decisione su quale sarà la linea di politica estera dell'Italia l'hanno presa Forza Italia e Fratelli d'Italia","Prolungati applausi dei deputati dei gruppi Forza Italia e Fratelli d'Italia - I deputati del gruppo Fratelli d'Italia scandiscono: Ministero! Ministero!",ok
21,193,2021-03-24,Draghi,ostilità tra alleati,Lega,M5S,Filippo Scerra,"Governo Draghi: il M5S rinfaccia a Salvini l'amicizia con Orbán, la Lega (alleata) grida «Basta!»","il signor Matteo Salvini, che strizzava l'occhio ad Orbán","Dai banchi del gruppo Lega-Salvini Premier si grida: Basta!",ok
