"persona","descrizione","file","licenza","autore","url_licenza","pagina_commons","locale","esito"
"Giovanni Roberti","sindacalista, politico e avvocato italiano (1909-2010)","Giovanni_roberti.jpg","CC BY-SA 4.0","http://legislature.camera.it/chiosco.asp?cp=1&amp;position=VII%20Legislatura%20/%20I%20Deputati&amp;content=deputati/legislatureprecedenti/Leg07/framedeputato.asp?Deputato=d5090","https://creativecommons.org/licenses/by-sa/4.0","https://commons.wikimedia.org/wiki/File:Giovanni_roberti.jpg","viz/foto/giovanni_roberti.jpg","ok"
"Gian Carlo Matteotti","","","","","","","","nessuna immagine"
"Attilio Piccioni","politico italiano (1892-1976)","Attilio_piccioni.jpg","Public domain","senato della repubblica — http://www.senato.it/leg/04/BGT/Schede/Attsen/00009614.htm","","https://commons.wikimedia.org/wiki/File:Attilio_piccioni.jpg","viz/foto/attilio_piccioni.jpg","ok"
"Randolfo Pacciardi","politico, antifascista e militare italiano (1899-1991)","Randolfo_Pacciardi_(IV).jpg","CC BY-SA 4.0","http://dati.camera.it/ocd/deputato.rdf/d9650_4","https://creativecommons.org/licenses/by-sa/4.0","https://commons.wikimedia.org/wiki/File:Randolfo_Pacciardi_(IV).jpg","viz/foto/randolfo_pacciardi.jpg","ok"
"Angelo Castelli","politico e avvocato italiano","Angelo_Castelli.jpg","CC BY-SA 4.0","http://legislature.camera.it/_dati/leg06/deputati/foto/d1450.jpg","https://creativecommons.org/licenses/by-sa/4.0","https://commons.wikimedia.org/wiki/File:Angelo_Castelli.jpg","viz/foto/angelo_castelli.jpg","ok"
"Loris Fortuna","politico e partigiano italiano (1924-1985)","Loris_Fortuna_daticamera_1976.jpg","CC BY-SA 4.0","Camera dei Deputati — https://legislature.camera.it/chiosco.asp?content=deputati/legislatureprecedenti/Leg07/framedeputato.asp?Deputato=d2630","https://creativecommons.org/licenses/by-sa/4.0","https://commons.wikimedia.org/wiki/File:Loris_Fortuna_daticamera_1976.jpg","viz/foto/loris_fortuna.jpg","ok"
"Salvatore Frasca","politico italiano","Salvatore_Frasca.jpg","CC BY-SA 3.0","Iaconianni family — Fotoguru.it","https://creativecommons.org/licenses/by-sa/3.0","https://commons.wikimedia.org/wiki/File:Salvatore_Frasca.jpg","viz/foto/salvatore_frasca.jpg","ok"
"Sergio Castellaneta","politico italiano","Sergio_Castellaneta.jpg","CC BY-SA 4.0","http://dati.camera.it/ocd/deputato.rdf/d32650_11","https://creativecommons.org/licenses/by-sa/4.0","https://commons.wikimedia.org/wiki/File:Sergio_Castellaneta.jpg","viz/foto/sergio_castellaneta.jpg","ok"
"Silvio Berlusconi","imprenditore e politico italiano (1936-2023)","Silvio_Berlusconi_(2010)_cropped.jpg","Public domain","Silvio_Berlusconi_(2010).jpg: www.la-moncloa.es derivative work: Off2riorob (talk) — Silvio_Berlusconi_(2010).jpg","","https://commons.wikimedia.org/wiki/File:Silvio_Berlusconi_(2010)_cropped.jpg","viz/foto/silvio_berlusconi.jpg","ok"
"Gianfranco Fini","politico italiano (1952-)","Gianfranco_Fini_2016.jpg","CC BY-SA 4.0","Regola21 — File:Fini_2016.jpg","https://creativecommons.org/licenses/by-sa/4.0","https://commons.wikimedia.org/wiki/File:Gianfranco_Fini_2016.jpg","viz/foto/gianfranco_fini.jpg","ok"
"Alessandro Cè","politico italiano","Alessandro_Ce_daticamera.jpg","CC BY-SA 4.0","Camera dei deputati — http://legxiv.camera.it/organiparlamentari/assemblea/contenitore_dati.asp?tipopagina=&amp;deputato=d50137&amp;source=%2Fdeputatism%2F240%2Fdocumentoxml%2Easp&amp;position=Deputati%5CLa%20Scheda%20Personale&amp;Pagina=Deputati/Composizione/01.camera/nuovacomposizione/datpersonali2.asp%3Fdeputato=d50137&amp;nominativo=CE%27%20Alessandro","https://creativecommons.org/licenses/by-sa/4.0","https://commons.wikimedia.org/wiki/File:Alessandro_Ce_daticamera.jpg","viz/foto/alessandro_cè.jpg","ok"
"Pier Ferdinando Casini","politico italiano (1955-)","Pier_Ferdinando_Casini_2016.jpg","CC BY 2.0","Francesco Pierantoni — Flickr.com","https://creativecommons.org/licenses/by/2.0","https://commons.wikimedia.org/wiki/File:Pier_Ferdinando_Casini_2016.jpg","viz/foto/pier_ferdinando_casini.jpg","ok"
"Renato Brunetta","politico, economista e accademico italiano (1950-)","Renato_Brunetta_daticamera_2018.jpg","CC BY-SA 4.0","Chamber of Deputies — http://dati.camera.it/ocd/persona.rdf/p302875","https://creativecommons.org/licenses/by-sa/4.0","https://commons.wikimedia.org/wiki/File:Renato_Brunetta_daticamera_2018.jpg","viz/foto/renato_brunetta.jpg","ok"
"Enrico Letta","politico italiano (1966-)","Enrico_Letta_in_2024.jpg","CC BY 4.0","European Commission (Christophe Licoppe) — https://audiovisual.ec.europa.eu/en/photo/P-063105~2F00-02","https://creativecommons.org/licenses/by/4.0","https://commons.wikimedia.org/wiki/File:Enrico_Letta_in_2024.jpg","viz/foto/enrico_letta.jpg","ok"
"Filippo Scerra","politico italiano (1978-)","Filippo_Scerra_XIX.jpg","CC BY-SA 4.0","Camera dei deputati — https://www.camera.it/leg19/29?tipoAttivita=&amp;tipoVisAtt=&amp;tipoPersona=&amp;shadow_deputato=307418&amp;idLegislatura=19","https://creativecommons.org/licenses/by-sa/4.0","https://commons.wikimedia.org/wiki/File:Filippo_Scerra_XIX.jpg","viz/foto/filippo_scerra.jpg","ok"
"Mario Draghi","economista, accademico, banchiere, dirigente pubblico e politico italiano (1947-)","Draghi_to_MEPs-_“Europe_faces_a_choice_between_exit,_paralysis,_or_integration”_-_54008603750_(cropped).jpg","CC BY 2.0","European Parliament — https://www.flickr.com/photos/36612355@N08/54008603750/","https://creativecommons.org/licenses/by/2.0","https://commons.wikimedia.org/wiki/File:Draghi_to_MEPs-_%E2%80%9CEurope_faces_a_choice_between_exit,_paralysis,_or_integration%E2%80%9D_-_54008603750_(cropped).jpg","viz/foto/mario_draghi.jpg","ok"
"Umberto Bossi","politico e giornalista italiano (1941-2026)","MEP_Umberto_Bossi,_1994_(03).jpg","European Parliament","European Union — https://multimedia.europarl.europa.eu/en/photo/portrait-of-mep-umberto-bossi_P074_Umberto_BOSSI_005","https://www.europarl.europa.eu/legal-notice/","https://commons.wikimedia.org/wiki/File:MEP_Umberto_Bossi,_1994_(03).jpg","viz/foto/umberto_bossi.jpg","ok"
"Matteo Salvini","politico italiano (1973-)","Matteo_Salvini,_2025.12.04_(cropped).jpg","Attribution","European Union — https://newsroom.consilium.europa.eu/permalink/p215085","","https://commons.wikimedia.org/wiki/File:Matteo_Salvini,_2025.12.04_(cropped).jpg","viz/foto/matteo_salvini.jpg","ok"
"Giuseppe Conte","politico italiano (1964-)","Giuseppe_Conte_-_Quirinale_2022_(cropped2).jpg","Attribution","Quirinale — https://www.quirinale.it/elementi/72544","","https://commons.wikimedia.org/wiki/File:Giuseppe_Conte_-_Quirinale_2022_(cropped2).jpg","viz/foto/giuseppe_conte.jpg","ok"
"Marco Pannella","politico e attivista italiano (1930-2016)","Marco_Pannella_MEP,_1994_(02)_(cropped).jpg","European Parliament","European Union — https://multimedia.europarl.europa.eu/en/photoset/p_P137_141_def","https://www.europarl.europa.eu/legal-notice/","https://commons.wikimedia.org/wiki/File:Marco_Pannella_MEP,_1994_(02)_(cropped).jpg","viz/foto/marco_pannella.jpg","ok"