governo,inizio,fine,maggioranza,astensione,fonte,nota
De Gasperi IV,1947-05-31,1948-05-24,DC PSDI PLI BN PRI,,integrazione,"stessa coalizione del De Gasperi V; nella I leg. i liberali sono il gruppo BN"
De Gasperi V,1948-05-24,1950-01-27,DC PSDI PLI BN PRI,,wikipedia,"PSLI = PSDI"
De Gasperi VI,1950-01-27,1951-07-26,DC PSDI PRI,,wikipedia,
De Gasperi VII,1951-07-26,1953-07-16,DC PRI,,wikipedia,
De Gasperi VIII,1953-07-16,1953-08-17,DC,,wikipedia,"non ottiene la fiducia"
Pella,1953-08-17,1954-01-19,DC MON PLI PRI,MSI PSDI,wikipedia,
Fanfani I,1954-01-19,1954-02-10,DC PRI,PLI,wikipedia,"non ottiene la fiducia"
Scelba,1954-02-10,1955-07-06,DC PSDI PLI PRI,,wikipedia,
Segni I,1955-07-06,1957-05-20,DC PSDI PLI PRI,,integrazione,"PRI in appoggio esterno: non indicato nella tabella di Wikipedia, da verificare"
Zoli,1957-05-20,1958-07-02,DC MON MSI,,wikipedia,"appoggio esterno di monarchici e MSI"
Fanfani II,1958-07-02,1959-02-16,DC PSDI PRI,,wikipedia,
Segni II,1959-02-16,1960-03-26,DC PLI MON MSI,,wikipedia,
Tambroni,1960-03-26,1960-07-27,DC MSI MON,,wikipedia,"appoggio esterno dell'MSI"
Fanfani III,1960-07-27,1962-02-22,DC PSDI PLI PRI,,wikipedia,"convergenze parallele"
Fanfani IV,1962-02-22,1963-06-22,DC PSDI PRI,PSI,wikipedia,
Leone I,1963-06-22,1963-12-05,DC,PSI PSDI PRI,wikipedia,
Moro I,1963-12-05,1964-07-23,DC PSI PSDI PRI,,wikipedia,"primo centro-sinistra organico; il PSIUP nasce in opposizione"
Moro II,1964-07-23,1966-02-24,DC PSI PSDI PRI,,wikipedia,
Moro III,1966-02-24,1968-06-25,DC PSI PSDI PRI PSU,,wikipedia,"PSI e PSDI si unificano nel PSU (1966)"
Leone II,1968-06-25,1968-12-13,DC,PSU PRI,wikipedia,
Rumor I,1968-12-13,1969-08-06,DC PSU PSI PSDI PRI,,wikipedia,"il PSU si divide di nuovo in PSI e PSDI nel luglio 1969"
Rumor II,1969-08-06,1970-03-28,DC PSI PSDI PSU,PRI,wikipedia,
Rumor III,1970-03-28,1970-08-06,DC PSI PSDI PSU PRI,,wikipedia,
Colombo,1970-08-06,1972-02-18,DC PSI PSDI PSU PRI,,wikipedia,
Andreotti I,1972-02-18,1972-06-26,DC,,wikipedia,"non ottiene la fiducia"
Andreotti II,1972-06-26,1973-07-08,DC PSDI PLI,,wikipedia,
Rumor IV,1973-07-08,1974-03-15,DC PSI PSDI PRI,,wikipedia,
Rumor V,1974-03-15,1974-11-23,DC PSI PSDI,,wikipedia,
Moro IV,1974-11-23,1976-02-12,DC PRI PSI PSDI,,wikipedia,
Moro V,1976-02-12,1976-07-30,DC PSDI,PLI PRI PSI,wikipedia,
Andreotti III,1976-07-30,1978-03-13,DC,PCI PLI PRI PSDI PSI,wikipedia,"governo della non sfiducia"
Andreotti IV,1978-03-13,1979-03-21,DC PCI PRI PSDI PSI,,wikipedia,"solidarietà nazionale: il PCI entra nella maggioranza"
Andreotti V,1979-03-21,1979-08-05,DC PSDI PRI,,wikipedia,
Cossiga I,1979-08-05,1980-04-04,DC PSDI PLI,,wikipedia,
Cossiga II,1980-04-04,1980-10-18,DC PSI PRI,,wikipedia,
Forlani,1980-10-18,1981-06-28,DC PSI PSDI PRI,,wikipedia,
Spadolini I,1981-06-28,1982-08-23,DC PSI PSDI PRI PLI,,wikipedia,"pentapartito"
Spadolini II,1982-08-23,1982-12-01,DC PSI PSDI PRI PLI,,wikipedia,
Fanfani V,1982-12-01,1983-08-04,DC PSI PSDI PLI PRI,,wikipedia,
Craxi I,1983-08-04,1986-08-01,DC PSI PSDI PRI PLI,,wikipedia,
Craxi II,1986-08-01,1987-04-18,DC PSI PSDI PRI PLI,,wikipedia,
Fanfani VI,1987-04-18,1987-07-29,DC,,wikipedia,
Goria,1987-07-29,1988-04-13,DC PSI PSDI PRI PLI,,wikipedia,
De Mita,1988-04-13,1989-07-23,DC PSI PSDI PRI PLI,,wikipedia,
Andreotti VI,1989-07-23,1991-04-13,DC PSI PSDI PRI PLI,,correzione,"Wikipedia omette il PRI, che esce solo con l'Andreotti VII: da verificare"
Andreotti VII,1991-04-13,1992-06-28,DC PSI PSDI PLI,,wikipedia,
Amato I,1992-06-28,1993-04-29,DC PSI PSDI PLI,,correzione,"quadripartito; la tabella di Wikipedia riportava una composizione diversa: da verificare"
Ciampi,1993-04-29,1994-05-11,DC PPI PSI PSDI PLI PRI,PDS VERDI,correzione,"governo tecnico-politico; PDS e Verdi ritirano i ministri: da verificare"
Berlusconi I,1994-05-11,1995-01-17,FI LEGA AN UDC,,wikipedia,
Dini,1995-01-17,1996-05-18,PROGR PDS PPI LEGA VERDI RETE,FI AN UDC,integrazione,"governo tecnico; astensione del Polo: da verificare"
Prodi I,1996-05-18,1998-10-21,DS PDS PPI VERDI SDI ALTRI RC PRI RETE,,wikipedia,"Rifondazione in appoggio esterno"
D'Alema I,1998-10-21,1999-12-22,DS PPI VERDI PDCI SDI ALTRI DEM,,wikipedia,
D'Alema II,1999-12-22,2000-04-26,DS PPI DEM VERDI PDCI ALTRI,SDI PRI,wikipedia,
Amato II,2000-04-26,2001-06-11,DS PPI DEM VERDI PDCI SDI ALTRI,,wikipedia,
Berlusconi II,2001-06-11,2005-04-23,FI AN LEGA UDC PSI PRI,,wikipedia,"PSI = Nuovo PSI"
Berlusconi III,2005-04-23,2006-05-17,FI AN LEGA UDC PSI PRI,,wikipedia,
Prodi II,2006-05-17,2008-05-08,ULIVO DS MARGH PD RC RNP PDCI IDV VERDI SD ALTRI,,wikipedia,
Berlusconi IV (con FLI),2008-05-08,2010-11-15,FI LEGA ALTRI FLI,,integrazione,"FLI esce dal governo il 15 novembre 2010: data da verificare"
Berlusconi IV,2010-11-15,2011-11-16,FI LEGA ALTRI,,wikipedia,
Monti,2011-11-16,2013-04-28,FI PD UDC FLI ALTRI,,wikipedia,"governo tecnico; opposizione: Lega e IdV"
Letta (con FI),2013-04-28,2013-11-26,PD FI ALTRI UDC,,integrazione,"Forza Italia esce dalla maggioranza il 26 novembre 2013"
Letta,2013-11-26,2014-02-22,PD ALTRI UDC,,integrazione,"NCD resta in maggioranza (nella sigla ALTRI)"
Renzi,2014-02-22,2016-12-12,PD ALTRI UDC,,integrazione,
Gentiloni,2016-12-12,2018-06-01,PD ALTRI,,integrazione,"Articolo 1-MDP sostiene il governo solo nella prima fase: non incluso"
Conte I,2018-06-01,2019-09-05,M5S LEGA,,integrazione,
Conte II,2019-09-05,2021-02-13,M5S PD LEU IV,,integrazione,
Draghi,2021-02-13,2022-10-22,M5S LEGA PD FI IV LEU ALTRI,,integrazione,"unità nazionale; opposizione: Fratelli d'Italia"
