legislature,target_speaker,sigla_coal,top,n1,secondo,n2,decidibile,n_sigle
12,UMBERTO BOSSI,POLO,LEGA,44,PROGR,2,TRUE,1
12,ORESTE TOFANI,POLO,AN,36,,0,TRUE,1
12,FRANCESCO STORACE,POLO,AN,29,MSI,1,TRUE,1
12,SERGIO CASTELLANETA,POLO,LEGA,27,AN,3,TRUE,1
12,ANGELA NAPOLI,POLO,AN,23,PROGR,1,TRUE,1
12,NICOLA BONO,POLO,AN,21,FI,1,TRUE,1
12,PIETRO DI MUCCIO,POLO,FI,20,RC,2,TRUE,1
12,ROBERTO CASTELLI,POLO,LEGA,20,PPI,1,TRUE,1
12,TEODORO BUONTEMPO,POLO,AN,19,FI,1,TRUE,1
12,ELIO VITO,POLO,FI,17,LEGA,3,TRUE,1
12,GIUSEPPE TATARELLA,POLO,AN,17,,0,TRUE,1
12,MAURIZIO GASPARRI,POLO,AN,17,UDC,1,TRUE,1
12,VINCENZO NESPOLI,POLO,AN,17,,0,TRUE,1
12,VITTORIO DOTTI,POLO,FI,17,AN,1,TRUE,1
12,DANIELE ROSCIA,POLO,LEGA,16,,0,TRUE,1
12,GIOVANNI PACE,POLO,AN,16,,0,TRUE,1
12,PIERLUIGI PETRINI,POLO,LEGA,15,PROGR,2,TRUE,1
12,MARCO TARADASH,POLO,FI,14,AN,5,TRUE,1
12,VINCENZO TRANTINO,POLO,AN,13,,0,TRUE,1
12,DOMENICO COMINO,POLO,LEGA,11,,0,TRUE,1
12,GIOVANNI MASTRANGELO,POLO,AN,11,,0,TRUE,1
12,GIACOMO GARRA,POLO,FI,10,AN,1,TRUE,1
12,GIUSEPPE CALDERISI,POLO,FI,10,,0,TRUE,1
12,MICHELE GIUSEPPE VIETTI,POLO,UDC,10,AN,2,TRUE,1
12,SERGIO COLA,POLO,AN,10,,0,TRUE,1
12,VALENTINO MANZONI,POLO,AN,10,,0,TRUE,1
12,DOMENICO NANIA,POLO,AN,9,,0,TRUE,1
12,GIUSEPPE PETRELLI,POLO,AN,9,,0,TRUE,1
12,SILVIO BERLUSCONI,POLO,FI,9,AN,1,TRUE,1
12,UGO CECCONI,POLO,AN,9,,0,TRUE,1
12,GIOVANNI MARINO,POLO,RC,8,AN,2,TRUE,1
12,MAURIZIO MENEGON,POLO,LEGA,8,,0,TRUE,1
12,PAOLO AGOSTINACCHIO,POLO,AN,8,,0,TRUE,1
12,VITO GNUTTI,POLO,LEGA,8,,0,TRUE,1
12,ALESSANDRO RUBINO,POLO,FI,7,LEGA,1,TRUE,1
12,BENITO PAOLONE,POLO,AN,7,MSI,1,TRUE,1
12,FORTUNATO ALOI,POLO,AN,7,,0,TRUE,1
12,PAOLO VIGEVANO,POLO,FI,7,,0,TRUE,1
12,RAFFAELE DELLA VALLE,POLO,FI,7,,0,TRUE,1
12,ANTONIO MAZZONE,POLO,AN,6,,0,TRUE,1
12,ELISABETTA CASTELLAZZI,POLO,LEGA,6,,0,TRUE,1
12,FLAVIO BONAFINI,POLO,LEGA,6,,0,TRUE,1
12,GIANCARLO MALVESTITO,POLO,LEGA,6,,0,TRUE,1
12,GUSTAVO SELVA,POLO,AN,6,FI,1,TRUE,1
12,LELIO LANTELLA,POLO,AN,6,FI,5,FALSE,1
12,LUCIANO CIOCCHETTI,POLO,UDC,6,AN,1,TRUE,1
12,MARIO CARUSO,POLO,AN,6,,0,TRUE,1
12,PIERANGELO PALEARI,POLO,FI,6,,0,TRUE,1
12,SEBASTIANO NERI,POLO,AN,6,,0,TRUE,1
12,ADRIANA POLI BORTONE,POLO,AN,5,,0,TRUE,1
12,ADRIANO TESO,POLO,FI,5,,0,TRUE,1
12,ALBERTO MARIA BOSISIO,POLO,LEGA,5,,0,TRUE,1
12,ALESSANDRA MUSSOLINI,POLO,AN,5,,0,TRUE,1
12,ALFREDO BIONDI,POLO,FI,5,AN,3,TRUE,1
12,CARMINE SANTO PATARINO,POLO,AN,5,,0,TRUE,1
12,FRANCESCO ONNIS,POLO,AN,5,,0,TRUE,1
12,GIANFRANCO FINI,POLO,AN,5,UDC,1,TRUE,1
12,GIOVANNI MEO ZILIO,POLO,LEGA,5,AN,1,TRUE,1
12,GIUSEPPE BONOMI,POLO,LEGA,5,,0,TRUE,1
12,GUIDO BALDO BALDI,POLO,LEGA,5,,0,TRUE,1
12,LUCIO MALAN,POLO,FI,5,LEGA,1,TRUE,1
12,MARIO ROSSO,POLO,FI,5,,0,TRUE,1
12,PAOLO ROMANI,POLO,FI,5,,0,TRUE,1
12,PUBLIO FIORI,POLO,AN,5,,0,TRUE,1
12,ROSARIO ARDICA,POLO,AN,5,,0,TRUE,1
12,VINCENZO BIZZARRI,POLO,AN,5,,0,TRUE,1
12,ANTONIO DEL PRETE,POLO,AN,4,,0,FALSE,1
12,ANTONIO MAZZOCCHI,POLO,AN,4,,0,FALSE,1
12,ANTONIO PARLATO,POLO,AN,4,,0,FALSE,1
12,CARMELO PORCU,POLO,AN,4,,0,FALSE,1
12,DANIELE MOLGORA,POLO,LEGA,4,,0,FALSE,1
12,ENZO CARUSO,POLO,AN,4,,0,FALSE,1
12,EUGENIO BARESI,POLO,UDC,4,,0,FALSE,1
12,GABRIELE OSTINELLI,POLO,LEGA,4,,0,FALSE,1
12,GIORGIO JANNONE,POLO,FI,4,,0,FALSE,1
12,ORESTE ROSSI,POLO,LEGA,4,,0,FALSE,1
12,ROLANDO FONTAN,POLO,LEGA,4,,0,FALSE,1
12,SALVATORE MUSUMECI,POLO,UDC,4,,0,FALSE,1
12,SILVIO LIOTTA,POLO,FI,4,PROGR,1,FALSE,1
12,ALBERTO DI LUCA,POLO,FI,3,,0,FALSE,1
12,ALBERTO SIMEONE,POLO,AN,3,,0,FALSE,1
12,ATTILIO SIGONA,POLO,FI,3,LEGA,3,FALSE,1
12,EDRO COLOMBINI,POLO,FI,3,,0,FALSE,1
12,ETTORE PERETTI,POLO,UDC,3,FI,1,FALSE,1
12,FEDE LATRONICO,POLO,LEGA,3,AN,1,FALSE,1
12,GIAN PIERO BROGLIA,POLO,FI,3,,0,FALSE,1
12,GIANPAOLO DOZZO,POLO,LEGA,3,,0,FALSE,1
12,GIOVANNI ALEMANNO,POLO,AN,3,,0,FALSE,1
12,GIUSEPPE LAZZARINI,POLO,FI,3,,0,FALSE,1
12,GUGLIELMO ROSITANI,POLO,AN,3,,0,FALSE,1
12,NUCCIO CARRARA,POLO,AN,3,,0,FALSE,1
12,PAOLO BAMPO,POLO,LEGA,3,,0,FALSE,1
12,RICCARDO SANDRONE,POLO,LEGA,3,,0,FALSE,1
12,ROBERTO CALDEROLI,POLO,LEGA,3,,0,FALSE,1
12,ROBERTO LAVAGNINI,POLO,FI,3,,0,FALSE,1
12,SALVATORE CICU,POLO,FI,3,,0,FALSE,1
12,SAVERIO LA GRUA,POLO,AN,3,,0,FALSE,1
12,STEFANO PODESTÀ,POLO,FI,3,PROGR,1,FALSE,1
12,VALENTINA APREA,POLO,FI,3,,0,FALSE,1
12,VINCENZO BASILE,POLO,AN,3,,0,FALSE,1
12,ACHILLE MARIANO,POLO,AN,2,,0,FALSE,1
12,ADOLFO URSO,POLO,AN,2,,0,FALSE,1
12,ALESSANDRO BERGAMO,POLO,FI,2,,0,FALSE,1
12,ANDREA GIBELLI,POLO,LEGA,2,,0,FALSE,1
12,BENITO FALVO,POLO,AN,2,,0,FALSE,1
12,CARLO USIGLIO,POLO,FI,2,,0,FALSE,1
12,DANILO MONTANARI,POLO,UDC,2,,0,FALSE,1
12,DOMENICO GRAMAZIO,POLO,AN,2,,0,FALSE,1
12,ENRICO HÜLLWECK,POLO,LEGA,2,,0,FALSE,1
12,FEDELE PAMPO,POLO,AN,2,,0,FALSE,1
12,FIORELLO PROVERA,POLO,LEGA,2,,0,FALSE,1
12,FLAVIO TRINCA,POLO,UDC,2,DC,1,FALSE,1
12,GIAMPAOLO NUVOLI,POLO,FI,2,,0,FALSE,1
12,GIUSEPPE FORESTIERE,POLO,AN,2,,0,FALSE,1
12,GIUSEPPE ROSSETTO,POLO,FI,2,,0,FALSE,1
12,LUCIO MARENGO,POLO,AN,2,,0,FALSE,1
12,LUIGI NEGRI,POLO,FI,2,,0,FALSE,1
12,MARIO MASINI,POLO,FI,2,,0,FALSE,1
12,MAURO MICHIELON,POLO,LEGA,2,,0,FALSE,1
12,MICHELE CACCAVALE,POLO,FI,2,,0,FALSE,1
12,PAOLO BECCHETTI,POLO,UDC,2,LEGA,1,FALSE,1
12,PAOLO DEVECCHI,POLO,LEGA,2,,0,FALSE,1
12,ROBERTO ASQUINI,POLO,LEGA,2,,0,FALSE,1
12,ROMANO FILIPPI,POLO,LEGA,2,,0,FALSE,1
12,SALVATORE DELL'UTRI,POLO,AN,2,,0,FALSE,1
12,SALVATORE SPARACINO,POLO,FI,2,,0,FALSE,1
12,SANTE PERTICARO,POLO,UDC,2,,0,FALSE,1
12,SAVERIO SALVATORE PORCARI,POLO,PROGR,2,,0,FALSE,1
12,VANNI TONIZZO,POLO,LEGA,2,,0,FALSE,1
12,ALBERTO LEMBO,POLO,LEGA,1,,0,FALSE,1
12,ANDREA AGNALETTI,POLO,UDC,1,,0,FALSE,1
12,ANTONIO MAGRI,POLO,LEGA,1,,0,FALSE,1
12,ANTONIO MORMONE,POLO,AN,1,,0,FALSE,1
12,CESARE CEFARATTI,POLO,AN,1,,0,FALSE,1
12,CLAUDIO GRATICOLA,POLO,FI,1,LEGA,1,FALSE,1
12,CLAUDIO PERCIVALLE,POLO,LEGA,1,,0,FALSE,1
12,CLEMENTE MASTELLA,POLO,UDC,1,,0,FALSE,1
12,CRISTINA MATRANGA,POLO,FI,1,,0,FALSE,1
12,EDOUARD BALLAMAN,POLO,LEGA,1,,0,FALSE,1
12,ELIO COLOSIMO,POLO,AN,1,,0,FALSE,1
12,EMMA BONINO,POLO,PROGR,1,,0,FALSE,1
12,ENRICO CAVALIERE,POLO,LEGA,1,,0,FALSE,1
12,ENZO FRAGALÀ,POLO,FI,1,,0,FALSE,1
12,ENZO SAVARESE,POLO,AN,1,,0,FALSE,1
12,FIORDELISA CARTELLI,POLO,LEGA,1,,0,FALSE,1
12,FLAVIO CASELLI,POLO,LEGA,1,,0,FALSE,1
12,FLAVIO DEVETAG,POLO,LEGA,1,,0,FALSE,1
12,FLAVIO TANZILLI,POLO,UDC,1,,0,FALSE,1
12,FRANCESCO AMORUSO,POLO,AN,1,,0,FALSE,1
12,FRANCESCO MELE,POLO,FI,1,,0,FALSE,1
12,FRANCESCO PAOLO LIUZZI,POLO,AN,1,,0,FALSE,1
12,FRANCESCO PAOLO LUCCHESE,POLO,UDC,1,,0,FALSE,1
12,FRANCESCO PONTONE,POLO,AN,1,,0,FALSE,1
12,FRANCESCO STROILI,POLO,LEGA,1,,0,FALSE,1
12,FRANCO CARDIELLO,POLO,AN,1,,0,FALSE,1
12,GAETANO OLIVIERI,POLO,AN,1,,0,FALSE,1
12,GIACOMO BAIAMONTE,POLO,FI,1,,0,FALSE,1
12,GIACOMO GALLI,POLO,FI,1,,0,FALSE,1
12,GIANFRANCO CONTE,POLO,FI,1,,0,FALSE,1
12,GIORGIO VIDO,POLO,LEGA,1,,0,FALSE,1
12,GIULIANO GODINO,POLO,FI,1,,0,FALSE,1
12,GIUSEPPE BARBIERI,POLO,AN,1,,0,FALSE,1
12,GIUSEPPE GRECO,POLO,UDC,1,,0,FALSE,1
12,GIUSEPPE LEONI,POLO,LEGA,1,,0,FALSE,1
12,GIUSEPPE SCALISI,POLO,AN,1,,0,FALSE,1
12,GUIDO LO PORTO,POLO,AN,1,,0,FALSE,1
12,ILARIO FLORESTA,POLO,FI,1,,0,FALSE,1
12,LORENZO STRIK LIEVERS,POLO,FI,1,,0,FALSE,1
12,LUIGI MURATORI,POLO,FI,1,,0,FALSE,1
12,LUIGI PEPE,POLO,PPI,1,,0,FALSE,1
12,LUIGI ROSSI,POLO,LEGA,1,,0,FALSE,1
12,LUIGI ZOCCHI,POLO,LEGA,1,,0,FALSE,2
12,MARCELLO LAZZATI,POLO,LEGA,1,,0,FALSE,1
12,MARCO SARTORI,POLO,LEGA,1,,0,FALSE,1
12,MARIELLA MAZZETTO,POLO,LEGA,1,,0,FALSE,1
12,MARIO BACCINI,POLO,UDC,1,,0,FALSE,1
12,MARIO LANDOLFI,POLO,AN,1,,0,FALSE,1
12,MARIO PITZALIS,POLO,AN,1,,0,FALSE,1
12,MAURIZIO PORTA,POLO,LEGA,1,,0,FALSE,1
12,MAURO POLLI,POLO,LEGA,1,,0,FALSE,1
12,MICHELE RALLO,POLO,AN,1,,0,FALSE,1
12,MICHELE STORNELLO,POLO,FI,1,,0,FALSE,1
12,MODESTO DELLA ROSA,POLO,LEGA,1,,0,FALSE,1
12,PAOLA MARTINELLI,POLO,FI,1,,0,FALSE,1
12,PAOLO ODORIZZI,POLO,FI,1,,0,FALSE,1
12,PIERGIORGIO MASSIDDA,POLO,FI,1,,0,FALSE,1
12,RAFFAELE COSTA,POLO,FI,1,,0,FALSE,1
12,RAULLE LOVISONI,POLO,UDC,1,,0,FALSE,1
12,ROBERTO BERNARDELLI,POLO,LEGA,1,,0,FALSE,1
12,ROBERTO MARONI,POLO,AN,1,,0,FALSE,1
12,ROBERTO RONCHI,POLO,LEGA,1,,0,FALSE,1
12,ROBERTO ROSSO,POLO,FI,1,,0,FALSE,1
12,SERGIO CHIESA,POLO,FI,1,,0,FALSE,1
12,TIZIANA PARENTI,POLO,FI,1,,0,FALSE,1
12,UBER ANGHINONI,POLO,LEGA,1,,0,FALSE,1
12,VALERIO MALVEZZI,POLO,LEGA,1,,0,FALSE,1
12,VINCENZO SIMONELLI,POLO,AN,1,,0,FALSE,1
12,ALBERTO ACIERNO,POLO,,,,,FALSE,
12,ALESSANDRO MELUZZI,POLO,,,,,FALSE,
12,ALFREDO MEOCCI,POLO,,,,,FALSE,
12,AMEDEO MATACENA,POLO,,,,,FALSE,
12,ANTONIO MAGNABOSCO,POLO,,,,,FALSE,
12,ANTONIO PASINATO,POLO,,,,,FALSE,
12,ANTONIO PEZZELLA,POLO,,,,,FALSE,
12,ANTONIO RASTRELLI,POLO,,,,,FALSE,
12,CARLO CONTI,POLO,,,,,FALSE,
12,CARLO STICOTTI,POLO,,,,,FALSE,
12,ELISABETTA BERTOTTI,POLO,,,,,FALSE,
12,EMANUELE BASILE,POLO,,,,,FALSE,
12,EMILIO PODESTÀ,POLO,,,,,FALSE,
12,ENZO FLEGO,POLO,,,,,FALSE,
12,FABRIZIO DEL NOCE,POLO,,,,,FALSE,
12,FABRIZIO SACERDOTI,POLO,,,,,FALSE,
12,FRANCESCO CASCIO,POLO,,,,,FALSE,
12,FRANCESCO FORMENTI,POLO,,,,,FALSE,
12,FRANCESCO MICHELE BARRA,POLO,,,,,FALSE,
12,FRANCO ROCCHETTA,POLO,,,,,FALSE,
12,FURIO GUBETTI,POLO,,,,,FALSE,
12,GIANCARLO PAGLIARINI,POLO,,,,,FALSE,
12,GIOVANNI PILO,POLO,,,,,FALSE,
12,GIUSEPPE DALLARA,POLO,,,,,FALSE,
12,LUCIO LEONARDELLI,POLO,,,,,FALSE,
12,MARUCCI VASCON,POLO,,,,,FALSE,
12,MAURIZIO BERTUCCI,POLO,,,,,FALSE,
12,NICOLA TRAPANI,POLO,,,,,FALSE,
12,PAOLO MAMMOLA,POLO,,,,,FALSE,
12,PAOLO SANDRO MOLINARO,POLO,,,,,FALSE,
12,PAOLO TAGINI,POLO,,,,,FALSE,
12,PIER CORRADO SALINO,POLO,,,,,FALSE,
12,PIERGIORGIO MARTINELLI,POLO,,,,,FALSE,
12,RICCARDO MASTRANGELI,POLO,,,,,FALSE,
12,ROBERTO GRUGNETTI,POLO,,,,,FALSE,
12,ROCCO CRIMI,POLO,,,,,FALSE,
12,SALVATORE BELLOMI,POLO,,,,,FALSE,
12,SONIA VIALE,POLO,,,,,FALSE,
12,STEFANO AIMONE PRINA,POLO,,,,,FALSE,
12,STEFANO SIGNORINI,POLO,,,,,FALSE,
12,VINCENZO BIANCHI,POLO,,,,,FALSE,
12,VINCENZO ZACCHEO,POLO,,,,,FALSE,
12,TULLIO GRIMALDI,PROGR,RC,35,,0,TRUE,1
12,ANGELO ROSSI,PROGR,LEGA,33,,0,TRUE,1
12,MARIO BRUNETTI,PROGR,RC,27,,0,TRUE,1
12,LUIGI MARINO,PROGR,RC,21,AN,3,TRUE,1
12,OLIVIERO DILIBERTO,PROGR,RC,21,AN,1,TRUE,1
12,FAUSTO BERTINOTTI,PROGR,RC,20,AN,1,TRUE,1
12,ITALO COCCI,PROGR,RC,16,,0,TRUE,1
12,ANTONIO SODA,PROGR,PROGR,14,RC,1,TRUE,1
12,ARMANDO COSSUTTA,PROGR,RC,14,,0,TRUE,1
12,MARTINO DORIGO,PROGR,RC,14,,0,TRUE,1
12,ANTONIO SAIA,PROGR,RC,12,,0,TRUE,1
12,MASSIMO SCALIA,PROGR,PROGR,12,,0,TRUE,1
12,NICOLA VENDOLA,PROGR,RC,12,FI,1,TRUE,1
12,PRIMO GALDELLI,PROGR,RC,12,,0,TRUE,1
12,UGO BOGHETTA,PROGR,RC,11,,0,TRUE,1
12,GIOVANNI DE MURTAS,PROGR,RC,10,LEGA,1,TRUE,1
12,LUCIANO GUERZONI,PROGR,PROGR,10,AN,2,TRUE,1
12,LUIGI BERLINGUER,PROGR,PROGR,10,RC,1,TRUE,1
12,MARIA LENTI,PROGR,RC,10,,0,TRUE,1
12,DIEGO NOVELLI,PROGR,PROGR,9,FI,1,TRUE,1
12,ROSANNA MORONI,PROGR,RC,9,,0,TRUE,1
12,SAURO TURRONI,PROGR,PROGR,9,LEGA,1,TRUE,1
12,VALTER BIELLI,PROGR,RC,9,,0,TRUE,1
12,VASSILI CAMPATELLI,PROGR,PROGR,9,,0,TRUE,1
12,GIUSEPPE LUMIA,PROGR,PROGR,8,,0,TRUE,1
12,RICCARDO CANESI,PROGR,PROGR,8,,0,TRUE,1
12,RENZO INNOCENTI,PROGR,PROGR,7,,0,TRUE,1
12,VINCENZO MATTINA,PROGR,PROGR,7,,0,TRUE,1
12,BRUNO SOLAROLI,PROGR,PROGR,6,FI,1,TRUE,1
12,LUCIANA SBARBATI,PROGR,PROGR,6,DEM,3,TRUE,1
12,MASSIMO D'ALEMA,PROGR,PROGR,6,FI,1,TRUE,1
12,PAOLO GALLETTI,PROGR,PROGR,6,,0,TRUE,1
12,SERGIO GARAVINI,PROGR,RC,6,,0,TRUE,1
12,ADRIANO VIGNALI,PROGR,RC,5,PROGR,1,TRUE,1
12,ALFREDO ZAGATTI,PROGR,PROGR,5,,0,TRUE,1
12,ANGELO ALTEA,PROGR,RC,5,,0,TRUE,1
12,FABIO EVANGELISTI,PROGR,PROGR,5,,0,TRUE,1
12,FABIO MUSSI,PROGR,PROGR,5,,0,TRUE,1
12,FRANCO CORLEONE,PROGR,PROGR,5,,0,TRUE,1
12,GIANFRANCO NAPPI,PROGR,RC,5,,0,TRUE,1
12,GIANNI MATTIOLI,PROGR,PROGR,5,,0,TRUE,1
12,GIOVANNI VITTORIO BATTAFARANO,PROGR,PROGR,5,,0,TRUE,1
12,GIUSEPPE SORIERO,PROGR,PROGR,5,,0,TRUE,1
12,ITALO REALE,PROGR,PROGR,5,,0,TRUE,1
12,LUIGI SARACENI,PROGR,PROGR,5,RC,3,TRUE,1
12,MARIDA BOLOGNESI,PROGR,RC,5,,0,TRUE,1
12,VALDO SPINI,PROGR,PROGR,5,,0,TRUE,1
12,ALDO CENNAMO,PROGR,PROGR,4,,0,FALSE,1
12,ALFONSINA RINALDI,PROGR,PROGR,4,,0,FALSE,1
12,ELENA MONTECCHI,PROGR,PROGR,4,,0,FALSE,1
12,FLAVIO TATTARINI,PROGR,PROGR,4,,0,FALSE,1
12,FRANCESCO LA SAPONARA,PROGR,PROGR,4,LEGA,1,FALSE,1
12,FRANCO GERARDINI,PROGR,PROGR,4,,0,FALSE,1
12,GIORDANO ANGELINI,PROGR,PROGR,4,,0,FALSE,1
12,GIOVANNI DI STASI,PROGR,PROGR,4,,0,FALSE,1
12,GIUSEPPE AYALA,PROGR,PROGR,4,DEM,3,FALSE,1
12,GIUSEPPE LOMBARDO,PROGR,PROGR,4,,0,FALSE,1
12,LUCIANO GALLIANI,PROGR,PROGR,4,,0,FALSE,1
12,MICHELE GIARDIELLO,PROGR,PROGR,4,,0,FALSE,1
12,ALBERTO LA VOLPE,PROGR,PROGR,3,,0,FALSE,1
12,ALDO SETTIMI,PROGR,PROGR,3,RC,1,FALSE,1
12,ANNAMARIA PROCACCI,PROGR,PROGR,3,,0,FALSE,1
12,DOMENICO BOVA,PROGR,PROGR,3,,0,FALSE,1
12,FABIO DI CAPUA,PROGR,PROGR,3,AN,1,FALSE,1
12,FABRIZIO VIGNI,PROGR,PROGR,3,,0,FALSE,1
12,FELICE SCERMINO,PROGR,PROGR,3,,0,FALSE,1
12,FRANCESCO BARRA,PROGR,AN,3,,0,FALSE,1
12,FRANCESCO CALVANESE,PROGR,RC,3,PROGR,1,FALSE,1
12,GIULIANO BOFFARDI,PROGR,RC,3,,0,FALSE,1
12,MAURO AGOSTINI,PROGR,PROGR,3,,0,FALSE,1
12,SERGIO DE JULIO,PROGR,PROGR,3,AN,1,FALSE,1
12,VITTORIO EMILIANI,PROGR,PROGR,3,,0,FALSE,1
12,WILLER BORDON,PROGR,DEM,3,PPI,2,FALSE,1
12,ALBERTA DE SIMONE,PROGR,PROGR,2,,0,FALSE,1
12,CORRADO PAOLONI,PROGR,PROGR,2,,0,FALSE,1
12,EDOARDO RONCHI,PROGR,LEGA,2,,0,FALSE,1
12,EUGENIO DUCA,PROGR,PROGR,2,,0,FALSE,1
12,FRANCESCA CHIAVACCI,PROGR,PROGR,2,,0,FALSE,1
12,FRANCESCO BONITO,PROGR,PROGR,2,,0,FALSE,1
12,GIACOMO DE ANGELIS,PROGR,RC,2,,0,FALSE,1
12,GIANCARLO SITRA,PROGR,PROGR,2,,0,FALSE,1
12,GINO GIUGNI,PROGR,PROGR,2,DEM,2,FALSE,1
12,GIUSEPPE SCOZZARI,PROGR,PROGR,2,,0,FALSE,1
12,LINO DE BENETTI,PROGR,PROGR,2,,0,FALSE,1
12,LUIGI GIACCO,PROGR,PROGR,2,,0,FALSE,1
12,MARIA ANTONIETTA SARTORI,PROGR,LEGA,2,,0,FALSE,1
12,MARIO OLIVERIO,PROGR,PROGR,2,,0,FALSE,1
12,MAURO PAISSAN,PROGR,PROGR,2,,0,FALSE,1
12,NADIA MASINI,PROGR,PROGR,2,,0,FALSE,1
12,NICOLA MAGRONE,PROGR,PROGR,2,RC,2,FALSE,1
12,OTTAVIANO DEL TURCO,PROGR,PROGR,2,DEM,1,FALSE,1
12,PAOLA MANZINI,PROGR,PROGR,2,RC,1,FALSE,1
12,PAOLO RAFFAELLI,PROGR,PROGR,2,,0,FALSE,1
12,PASQUALE LA CERRA,PROGR,PROGR,2,,0,FALSE,1
12,ROBERTO DI ROSA,PROGR,PROGR,2,RC,1,FALSE,1
12,SALVATORE VOZZA,PROGR,PROGR,2,,0,FALSE,1
12,SILVIA BARBIERI,PROGR,AN,2,,0,FALSE,1
12,VALERIO CALZOLAIO,PROGR,PROGR,2,,0,FALSE,1
12,VALERIO MIGNONE,PROGR,PROGR,2,,0,FALSE,1
12,VASCO GIANNOTTI,PROGR,PROGR,2,,0,FALSE,1
12,ALDO TRIONE,PROGR,PROGR,1,,0,FALSE,1
12,ALFONSO PECORARO SCANIO,PROGR,PROGR,1,LEGA,1,FALSE,1
12,ANTONIO ROTUNDO,PROGR,PROGR,1,,0,FALSE,1
12,CARLO CARLI,PROGR,PROGR,1,,0,FALSE,1
12,DARIA BONFIETTI,PROGR,PROGR,1,,0,FALSE,1
12,DENIS UGOLINI,PROGR,PROGR,1,,0,FALSE,1
12,ENNIO GRASSI,PROGR,PROGR,1,,0,FALSE,1
12,ENRICO BOSELLI,PROGR,DEM,1,,0,FALSE,1
12,FABIO PERINEI,PROGR,PROGR,1,,0,FALSE,1
12,FABRIZIO CESETTI,PROGR,PROGR,1,,0,FALSE,1
12,FERDINANDO SCHETTINO,PROGR,PROGR,1,,0,FALSE,1
12,FRANCESCO MANGANELLI,PROGR,PROGR,1,,0,FALSE,1
12,FRANCO DANIELI,PROGR,PROGR,1,,0,FALSE,1
12,FRANCO MASTROLUCA,PROGR,PROGR,1,,0,FALSE,1
12,GALILEO GUIDI,PROGR,PROGR,1,,0,FALSE,1
12,GIORGIO BOGI,PROGR,PROGR,1,PPI,1,FALSE,1
12,GIORGIO NAPOLITANO,PROGR,PROGR,1,FI,1,FALSE,1
12,GIOVANNA MELANDRI,PROGR,PROGR,1,,0,FALSE,1
12,GIOVANNI FERRANTE,PROGR,PROGR,1,,0,FALSE,1
12,GIUSEPPE ALBERTINI,PROGR,PROGR,1,,0,FALSE,1
12,GIUSEPPE GAMBALE,PROGR,PROGR,1,,0,FALSE,1
12,GIUSEPPE GIULIETTI,PROGR,PROGR,1,,0,FALSE,1
12,GIUSEPPE PERICU,PROGR,PROGR,1,,0,FALSE,1
12,ISAIA SALES,PROGR,PROGR,1,,0,FALSE,1
12,MARIA RITA LORENZETTI,PROGR,PROGR,1,,0,FALSE,1
12,MAURO VANNONI,PROGR,PROGR,1,,0,FALSE,1
12,MICHELE DEL GAUDIO,PROGR,PROGR,1,,0,FALSE,1
12,PALMIRO UCCHIELLI,PROGR,PROGR,1,,0,FALSE,1
12,ROBERTO PAGGINI,PROGR,LEGA,1,DEM,1,FALSE,1
12,ROCCO CACCAVARI,PROGR,PROGR,1,,0,FALSE,1
12,ROSARIO OLIVO,PROGR,PROGR,1,,0,FALSE,1
12,SERGIO TANZARELLA,PROGR,PROGR,1,,0,FALSE,1
12,UMBERTO RANIERI,PROGR,PROGR,1,,0,FALSE,1
12,VINCENZO TORRE,PROGR,PROGR,1,,0,FALSE,1
12,ACHILLE OCCHETTO,PROGR,,,,,FALSE,
12,CESARE MARINI,PROGR,,,,,FALSE,
12,DOMENICO MASELLI,PROGR,,,,,FALSE,
12,FERDINANDO ADORNATO,PROGR,,,,,FALSE,
12,GIOVANNA GRIGNAFFINI,PROGR,,,,,FALSE,
12,GIOVANNI BRUNALE,PROGR,,,,,FALSE,
12,GIUSEPPE SCOTTO DI LUZIO,PROGR,,,,,FALSE,
12,GIUSEPPE TAURINO,PROGR,,,,,FALSE,
12,LEONARDO DOMENICI,PROGR,,,,,FALSE,
12,LUCIANO VIOLANTE,PROGR,,,,,FALSE,
12,MARCO RIZZO,PROGR,,,,,FALSE,
12,MARIO GATTO,PROGR,,,,,FALSE,
12,MAURO ZANI,PROGR,,,,,FALSE,
12,MIRIAM MAFAI,PROGR,,,,,FALSE,
12,PAOLA MARIANI,PROGR,,,,,FALSE,
12,PINO ARLACCHI,PROGR,,,,,FALSE,
12,SANDRA BONSANTI,PROGR,,,,,FALSE,
12,SILVANO GORI,PROGR,,,,,FALSE,
12,VINCENZO VIVIANI,PROGR,,,,,FALSE,
12,VITO FUMAGALLI,PROGR,,,,,FALSE,
13,MANLIO CONTENTO,POLO,AN,72,FI,2,TRUE,1
13,FORTUNATO ALOI,POLO,AN,66,PPI,1,TRUE,1
13,NICOLA BONO,POLO,AN,65,LEGA,6,TRUE,1
13,GIUSEPPE TATARELLA,POLO,AN,52,,0,TRUE,1
13,TEODORO BUONTEMPO,POLO,LEGA,51,AN,39,TRUE,1
13,ELIO VITO,POLO,FI,47,AN,5,TRUE,1
13,MARCO TARADASH,POLO,FI,46,LEGA,8,TRUE,1
13,PIERGIORGIO MASSIDDA,POLO,FI,44,AN,1,TRUE,1
13,TOMMASO FOTI,POLO,AN,42,,0,TRUE,1
13,ROBERTO MENIA,POLO,AN,40,,0,TRUE,1
13,ALFREDO MANTOVANO,POLO,AN,36,,0,TRUE,1
13,ANTONIO PEPE,POLO,AN,32,,0,TRUE,1
13,FRANCO FRATTINI,POLO,FI,31,AN,2,TRUE,1
13,SERGIO COLA,POLO,AN,31,,0,TRUE,1
13,MARCO ZACCHERA,POLO,AN,29,LEGA,3,TRUE,1
13,VALENTINA APREA,POLO,FI,29,PPI,1,TRUE,1
13,ALBERTO DI LUCA,POLO,FI,28,LEGA,1,TRUE,1
13,DARIO RIVOLTA,POLO,FI,27,LEGA,2,TRUE,1
13,ENZO CARUSO,POLO,AN,27,,0,TRUE,1
13,GIANFRANCO FINI,POLO,AN,27,,0,TRUE,1
13,ETTORE PERETTI,POLO,UDC,26,FI,1,TRUE,1
13,GIANFRANCO CONTE,POLO,FI,26,LEGA,1,TRUE,1
13,MARIO PEZZOLI,POLO,AN,24,,0,TRUE,1
13,STEFANO LOSURDO,POLO,AN,24,LEGA,1,TRUE,1
13,ALFREDO BIONDI,POLO,FI,23,LEGA,2,TRUE,1
13,FEDELE PAMPO,POLO,AN,23,LEGA,1,TRUE,1
13,ITALO BOCCHINO,POLO,AN,23,,0,TRUE,1
13,PAOLO CUCCU,POLO,FI,23,,0,TRUE,1
13,PAOLO MAMMOLA,POLO,FI,23,,0,TRUE,1
13,VALENTINO MANZONI,POLO,AN,22,,0,TRUE,1
13,GENNARO MALGIERI,POLO,AN,21,,0,TRUE,1
13,IGNAZIO LA RUSSA,POLO,AN,20,FI,1,TRUE,1
13,MIRKO TREMAGLIA,POLO,AN,20,,0,TRUE,1
13,NICOLA CARLESI,POLO,AN,20,,0,TRUE,1
13,ALBERTO GIORGETTI,POLO,AN,19,,0,TRUE,1
13,ALBERTO SIMEONE,POLO,AN,19,FI,1,TRUE,1
13,EUGENIO VIALE,POLO,FI,19,,0,TRUE,1
13,GIOVANNI PACE,POLO,AN,19,,0,TRUE,1
13,ROBERTO MANZIONE,POLO,UDC,19,FI,6,TRUE,1
13,STEFANIA PRESTIGIACOMO,POLO,FI,19,,0,TRUE,1
13,VITTORIO TARDITI,POLO,FI,19,,0,TRUE,1
13,ALESSANDRO RUBINO,POLO,FI,18,AN,1,TRUE,1
13,PAOLO BECCHETTI,POLO,FI,18,LEGA,1,TRUE,1
13,PAOLO RUSSO,POLO,FI,18,AN,1,TRUE,1
13,ANGELO SANZA,POLO,UDC,17,FI,1,TRUE,1
13,DANIELE FRANZ,POLO,AN,17,,0,TRUE,1
13,CARMELO CARRARA,POLO,UDC,15,,0,TRUE,1
13,DOMENICO NANIA,POLO,AN,15,,0,TRUE,1
13,GAETANO COLUCCI,POLO,AN,15,,0,TRUE,1
13,GIOVANNI MARINO,POLO,AN,15,,0,TRUE,1
13,MICHELE SAPONARA,POLO,FI,15,AN,2,TRUE,1
13,NICANDRO MARINACCI,POLO,UDC,15,FI,2,TRUE,1
13,SALVATORE CICU,POLO,FI,15,,0,TRUE,1
13,ENZO SAVARESE,POLO,AN,14,FI,2,TRUE,1
13,GIANLUIGI SCALTRITTI,POLO,FI,14,,0,TRUE,1
13,MICHELE RALLO,POLO,AN,14,RC,1,TRUE,1
13,UMBERTO GIOVINE,POLO,FI,14,LEGA,6,TRUE,1
13,ALESSIO BUTTI,POLO,AN,13,,0,TRUE,1
13,BENITO PAOLONE,POLO,AN,13,DS,1,TRUE,1
13,GIORGIO REBUFFA,POLO,FI,13,AN,1,TRUE,1
13,PAOLO ROMANI,POLO,FI,13,,0,TRUE,1
13,DONATO BRUNO,POLO,FI,12,,0,TRUE,1
13,GIOVANNI FILOCAMO,POLO,FI,12,LEGA,7,TRUE,1
13,GIUSEPPE PALUMBO,POLO,FI,12,,0,TRUE,1
13,NICOLA PAGLIUCA,POLO,FI,12,,0,TRUE,1
13,TIZIANA MAIOLO,POLO,FI,12,AN,1,TRUE,1
13,ALESSANDRA MUSSOLINI,POLO,AN,11,LEGA,2,TRUE,1
13,AVENTINO FRAU,POLO,FI,11,AN,1,TRUE,1
13,MARIO BACCINI,POLO,UDC,11,FI,2,TRUE,1
13,MARIO LANDOLFI,POLO,AN,11,,0,TRUE,1
13,RAFFAELE COSTA,POLO,FI,11,,0,TRUE,1
13,RAFFAELE MAROTTA,POLO,FI,11,,0,TRUE,1
13,ROBERTO LAVAGNINI,POLO,FI,11,AN,2,TRUE,1
13,SILVIO BERLUSCONI,POLO,FI,11,,0,TRUE,1
13,TIZIANA PARENTI,POLO,SDI,11,FI,9,FALSE,1
13,ANGELO SANTORI,POLO,FI,10,,0,TRUE,1
13,GIACOMO BAIAMONTE,POLO,FI,10,LEGA,2,TRUE,1
13,LUCIO MARENGO,POLO,AN,10,,0,TRUE,1
13,ROSARIO POLIZZI,POLO,AN,10,,0,TRUE,1
13,SEBASTIANO NERI,POLO,AN,10,,0,TRUE,1
13,ALESSANDRO BERGAMO,POLO,FI,9,,0,TRUE,1
13,FRANCESCO STORACE,POLO,AN,9,FI,1,TRUE,1
13,MARIO GAZZILLI,POLO,FI,9,,0,TRUE,1
13,SABATINO ARACU,POLO,FI,9,LEGA,1,TRUE,1
13,ANTONIO RIZZO,POLO,AN,8,DS,1,TRUE,1
13,NUCCIO CARRARA,POLO,AN,8,,0,TRUE,1
13,ROCCO BUTTIGLIONE,POLO,UDC,8,FI,1,TRUE,1
13,ADRIANA POLI BORTONE,POLO,AN,7,FI,1,TRUE,1
13,ERMANNO IACOBELLIS,POLO,AN,7,,0,TRUE,1
13,EUGENIO RICCIO,POLO,AN,7,,0,TRUE,1
13,FILIPPO MISURACA,POLO,FI,7,AN,1,TRUE,1
13,LUIGI VITALI,POLO,FI,7,DS,1,TRUE,1
13,MARIO VALDUCCI,POLO,FI,7,LEGA,5,TRUE,1
13,NINO SOSPIRI,POLO,AN,7,,0,TRUE,1
13,SILVIO LIOTTA,POLO,UDC,7,FI,1,TRUE,1
13,ACHILLE SERRA,POLO,FI,6,,0,TRUE,1
13,ANTONIO PIVA,POLO,FI,6,,0,TRUE,1
13,CLAUDIO SCAJOLA,POLO,FI,6,,0,TRUE,1
13,GIUSEPPE FRONZUTI,POLO,UDC,6,,0,TRUE,1
13,GIUSEPPE GALATI,POLO,UDC,6,,0,TRUE,1
13,MARIO MASIERO,POLO,FI,6,,0,TRUE,1
13,ROBERTO ALBONI,POLO,AN,6,,0,TRUE,1
13,ROBERTO ROSSO,POLO,FI,6,LEGA,1,TRUE,1
13,VINCENZO BIANCHI,POLO,FI,6,,0,TRUE,1
13,ANIELLO DI NARDO,POLO,UDC,5,,0,TRUE,1
13,CESARE PREVITI,POLO,FI,5,,0,TRUE,1
13,GIUSEPPE ROSSETTO,POLO,FI,5,,0,TRUE,1
13,MANLIO COLLAVINI,POLO,FI,5,LEGA,1,TRUE,1
13,UGO MARTINAT,POLO,AN,5,,0,TRUE,1
13,CRISTINA MATRANGA,POLO,FI,4,,0,FALSE,1
13,GABRIELE PAGLIUZZI,POLO,AN,4,,0,FALSE,1
13,GIUSEPPE ALEFFI,POLO,FI,4,,0,FALSE,1
13,MASSIMO GRILLO,POLO,UDC,4,,0,FALSE,1
13,VINCENZO TRANTINO,POLO,AN,4,FI,1,FALSE,1
13,ADRIANO PAROLI,POLO,FI,3,,0,FALSE,1
13,FRANCESCO FINO,POLO,AN,3,,0,FALSE,1
13,GIOVANNI MARRAS,POLO,FI,3,LEGA,1,FALSE,1
13,ILARIO FLORESTA,POLO,FI,3,,0,FALSE,1
13,LUIGI NOCERA,POLO,UDC,3,FI,1,FALSE,1
13,MASSIMO MARIA BERRUTI,POLO,FI,3,,0,FALSE,1
13,PUBLIO FIORI,POLO,AN,3,,0,FALSE,1
13,ROCCO CRIMI,POLO,FI,3,,0,FALSE,1
13,VITTORIO MESSA,POLO,AN,3,,0,FALSE,1
13,ANDREA GISSI,POLO,AN,2,,0,FALSE,1
13,ANTONIO LORUSSO,POLO,FI,2,,0,FALSE,1
13,DOMENICO LO JUCCO,POLO,FI,2,,0,FALSE,1
13,FRANCO CARDIELLO,POLO,AN,2,,0,FALSE,1
13,GABRIELE CIMADORO,POLO,UDC,2,LEGA,1,FALSE,1
13,GIANFRANCO SARACA,POLO,FI,2,,0,FALSE,1
13,LUIGI GASTALDI,POLO,FI,2,,0,FALSE,1
13,NICOLA COSENTINO,POLO,FI,2,,0,FALSE,1
13,PAOLO TRINGALI,POLO,AN,2,,0,FALSE,1
13,DEMETRIO ERRIGO,POLO,FI,1,,0,FALSE,1
13,ENZO FRAGALÀ,POLO,AN,1,,0,FALSE,1
13,FERDINANDO DE FRANCISCIS,POLO,UDC,1,,0,FALSE,1
13,FRANCESCO CASCIO,POLO,FI,1,,0,FALSE,1
13,GASPARE GIUDICE,POLO,FI,1,,0,FALSE,1
13,GIAN FRANCO ANEDDA,POLO,AN,1,,0,FALSE,1
13,GIAN PAOLO LANDI,POLO,AN,1,PPI,1,FALSE,1
13,GIULIO SAVELLI,POLO,FI,1,,0,FALSE,1
13,GIUSEPPE AMATO,POLO,AN,1,,0,FALSE,1
13,GUIDO LO PORTO,POLO,AN,1,,0,FALSE,1
13,LUIGI NEGRI,POLO,PPI,1,,0,FALSE,1
13,NICOLA RIVELLI,POLO,FI,1,,0,FALSE,1
13,RENZO TOSOLINI,POLO,AN,1,,0,FALSE,1
13,VINCENZO ZACCHEO,POLO,AN,1,,0,FALSE,1
13,AMEDEO MATACENA,POLO,,,,,FALSE,
13,FRANCESCO D'ONOFRIO,POLO,,,,,FALSE,
13,GIOVANNI DIVELLA,POLO,,,,,FALSE,
13,PIER FERDINANDO CASINI,POLO,,,,,FALSE,
13,SALVATORE D'ALIA,POLO,,,,,FALSE,
13,SANDRO DELMASTRO DELLE VEDOVE,POLO,,,,,FALSE,
13,LUIGI MARINO,PROGR,,,,,FALSE,
13,RAMON MANTOVANI,ULIVO,RC,70,,0,TRUE,1
13,MARIA LENTI,ULIVO,RC,47,VERDI,2,TRUE,1
13,UGO BOGHETTA,ULIVO,RC,47,PDCI,1,TRUE,1
13,MAURO PAISSAN,ULIVO,VERDI,46,RC,2,TRUE,1
13,OLIVIERO DILIBERTO,ULIVO,RC,46,PDCI,6,TRUE,1
13,FABIO MUSSI,ULIVO,DS,38,UDC,2,TRUE,1
13,GIORGIO MALENTACCHI,ULIVO,RC,32,,0,TRUE,1
13,TULLIO GRIMALDI,ULIVO,RC,31,PDCI,12,TRUE,1
13,MARCO PEZZONI,ULIVO,DS,29,RC,1,TRUE,1
13,ANTONELLO SORO,ULIVO,PPI,27,,0,TRUE,1
13,ANTONIO SODA,ULIVO,DS,27,AN,3,TRUE,1
13,VITTORIO VOGLINO,ULIVO,PPI,27,,0,TRUE,1
13,MAURO GUERRA,ULIVO,DS,24,RC,1,TRUE,1
13,RAFFAELE CANANZI,ULIVO,PPI,23,LEGA,1,TRUE,1
13,SAURO TURRONI,ULIVO,VERDI,23,DS,2,TRUE,1
13,DOMENICO IZZO,ULIVO,PPI,21,DS,2,TRUE,1
13,FRANCESCO BONITO,ULIVO,DS,20,,0,TRUE,1
13,LAPO PISTELLI,ULIVO,PPI,20,,0,TRUE,1
13,MASSIMO SCALIA,ULIVO,VERDI,20,DS,1,TRUE,1
13,PAOLO GALLETTI,ULIVO,VERDI,20,LEGA,1,TRUE,1
13,SALVATORE CHERCHI,ULIVO,DS,20,LEGA,1,TRUE,1
13,ANTONIO BORROMETI,ULIVO,PPI,18,,0,TRUE,1
13,GIORGIO GARDIOL,ULIVO,VERDI,18,RC,1,TRUE,1
13,GIUSEPPE FIORONI,ULIVO,PPI,18,DS,1,TRUE,1
13,ANNAMARIA PROCACCI,ULIVO,VERDI,17,DS,1,TRUE,1
13,FLAVIO TATTARINI,ULIVO,DS,17,,0,TRUE,1
13,GIANNI RISARI,ULIVO,PPI,17,DS,1,TRUE,1
13,GIOVANNI DE MURTAS,ULIVO,RC,17,PDCI,6,TRUE,1
13,MARCO BOATO,ULIVO,VERDI,17,LEGA,3,TRUE,1
13,MASSIMO D'ALEMA,ULIVO,DS,17,LEGA,2,TRUE,1
13,VASSILI CAMPATELLI,ULIVO,DS,17,,0,TRUE,1
13,CESIDIO CASINELLI,ULIVO,PPI,16,,0,TRUE,1
13,MICHELE GIARDIELLO,ULIVO,DS,16,AN,1,TRUE,1
13,ROSANNA MORONI,ULIVO,PDCI,16,RC,10,TRUE,1
13,ALESSANDRO REPETTO,ULIVO,PPI,15,DS,1,TRUE,1
13,FRANCO GIORDANO,ULIVO,RC,15,,0,TRUE,1
13,LINO DE BENETTI,ULIVO,VERDI,15,,0,TRUE,1
13,LUIGI BERLINGUER,ULIVO,DS,14,PPI,1,TRUE,1
13,FEDERICO ORLANDO,ULIVO,DEM,13,DS,7,TRUE,1
13,FRANCESCO FERRARI,ULIVO,PPI,13,DS,1,TRUE,1
13,GIOVANNI SAONARA,ULIVO,PPI,13,,0,TRUE,1
13,MARIO PEPE,ULIVO,PPI,13,,0,TRUE,1
13,NANDO DALLA CHIESA,ULIVO,VERDI,13,DEM,3,TRUE,1
13,PAOLO CENTO,ULIVO,VERDI,13,RC,1,TRUE,1
13,SERGIO SABATTINI,ULIVO,DS,13,LEGA,2,TRUE,1
13,VASCO GIANNOTTI,ULIVO,DS,13,,0,TRUE,1
13,ADRIANO VIGNALI,ULIVO,DS,12,RC,2,TRUE,1
13,FERDINANDO TARGETTI,ULIVO,DS,12,,0,TRUE,1
13,FURIO COLOMBO,ULIVO,DS,12,LEGA,2,TRUE,1
13,VITO LECCESE,ULIVO,VERDI,12,DS,3,TRUE,1
13,AUGUSTO BATTAGLIA,ULIVO,DS,11,RC,1,TRUE,1
13,PAOLO PALMA,ULIVO,PPI,11,LEGA,3,TRUE,1
13,PIETRO CAROTTI,ULIVO,PPI,11,FI,1,TRUE,1
13,VALDO SPINI,ULIVO,DS,11,,0,TRUE,1
13,DIEGO NOVELLI,ULIVO,DS,10,LEGA,4,TRUE,1
13,ENNIO PARRELLI,ULIVO,DS,10,LEGA,1,TRUE,1
13,GIOVANNI BIANCHI,ULIVO,PPI,10,LEGA,1,TRUE,1
13,ALBERTA DE SIMONE,ULIVO,DS,9,LEGA,3,TRUE,1
13,ALFREDO STRAMBI,ULIVO,PDCI,9,RC,5,TRUE,1
13,DINO SCANTAMBURLO,ULIVO,PPI,9,DS,1,TRUE,1
13,ELVIO RUFFINO,ULIVO,DS,9,,0,TRUE,1
13,ENRICO BOSELLI,ULIVO,SDI,9,PSI,2,TRUE,1
13,EUGENIO DUCA,ULIVO,DS,9,PPI,2,TRUE,1
13,GIORGIO PASETTO,ULIVO,PPI,9,DS,1,TRUE,1
13,LINO DUILIO,ULIVO,PPI,9,RC,1,TRUE,1
13,NERIO NESI,ULIVO,RC,9,PDCI,6,TRUE,1
13,FABIO CIANI,ULIVO,PPI,8,DS,2,TRUE,1
13,GIUSEPPINA SERVODIO,ULIVO,PPI,8,,0,TRUE,1
13,LAMBERTO RIVA,ULIVO,PPI,8,,0,TRUE,1
13,LORENZO ACQUARONE,ULIVO,PPI,8,LEGA,2,TRUE,1
13,LUIGI MASSA,ULIVO,DS,8,,0,TRUE,1
13,LUIGI OLIVIERI,ULIVO,DS,8,LEGA,1,TRUE,1
13,RENZO INNOCENTI,ULIVO,DS,8,,0,TRUE,1
13,SAURO SEDIOLI,ULIVO,DS,8,,0,TRUE,1
13,VINCENZO SINISCALCHI,ULIVO,DS,8,RC,1,TRUE,1
13,ANDREA GUARINO,ULIVO,PPI,7,FI,2,TRUE,1
13,ELSA SIGNORINO,ULIVO,DS,7,LEGA,1,TRUE,1
13,EMILIO DEL BONO,ULIVO,PPI,7,DS,1,TRUE,1
13,LUCIANA SBARBATI,ULIVO,PRI,7,RC,6,FALSE,1
13,PIETRO NATALE GASPERONI,ULIVO,DS,7,,0,TRUE,1
13,VITTORIO ANGELICI,ULIVO,PPI,7,DS,1,TRUE,1
13,ALFREDO ZAGATTI,ULIVO,DS,6,,0,TRUE,1
13,ELIO VELTRI,ULIVO,DEM,6,DS,4,TRUE,1
13,FABRIZIO FELICE BRACCO,ULIVO,DS,6,,0,TRUE,1
13,GIORGIO LA MALFA,ULIVO,PRI,6,FI,4,TRUE,1
13,GIUSEPPE MOLINARI,ULIVO,PPI,6,,0,TRUE,1
13,LUIGI GIACCO,ULIVO,DS,6,,0,TRUE,1
13,MAURO AGOSTINI,ULIVO,DS,6,,0,TRUE,1
13,PRIMO GALDELLI,ULIVO,RC,6,PDCI,3,TRUE,1
13,SALVATORE BIASCO,ULIVO,DS,6,,0,TRUE,1
13,SALVATORE GIACALONE,ULIVO,PPI,6,,0,TRUE,1
13,ALDO CENNAMO,ULIVO,DS,5,,0,TRUE,1
13,ARMANDO VENETO,ULIVO,PPI,5,FI,1,TRUE,1
13,BRUNO SOLAROLI,ULIVO,DS,5,FI,1,TRUE,1
13,DOMENICO BOVA,ULIVO,DS,5,,0,TRUE,1
13,DOMENICO VOLPINI,ULIVO,PPI,5,,0,TRUE,1
13,FABIO DI CAPUA,ULIVO,IDV,5,DS,4,TRUE,1
13,FRANCO MARINI,ULIVO,PPI,5,FI,1,TRUE,1
13,FRANCO RAFFALDINI,ULIVO,DS,5,,0,TRUE,1
13,GIOVANNI BATTISTA CARUANO,ULIVO,DS,5,,0,TRUE,1
13,GIUSEPPE BICOCCHI,ULIVO,LEGA,5,PPI,2,TRUE,1
13,GIUSEPPE SCOZZARI,ULIVO,PPI,5,LEGA,1,TRUE,1
13,LUCIO TESTA,ULIVO,DEM,5,PPI,2,TRUE,1
13,LUIGI SARACENI,ULIVO,DS,5,VERDI,4,TRUE,1
13,PAOLA MANZINI,ULIVO,DS,5,,0,TRUE,1
13,ROCCO CACCAVARI,ULIVO,DS,5,,0,TRUE,1
13,ROCCO MAGGI,ULIVO,PPI,5,DEM,3,TRUE,1
13,RUGGERO RUGGERI,ULIVO,PPI,5,,0,TRUE,1
13,SALVATORE VOZZA,ULIVO,DS,5,,0,TRUE,1
13,SERGIO CHIAMPARINO,ULIVO,DS,5,PPI,1,TRUE,1
13,SERGIO FUMAGALLI,ULIVO,PSI,5,SDI,4,TRUE,1
13,SERGIO ROGNA,ULIVO,PPI,5,,0,TRUE,1
13,UMBERTO RANIERI,ULIVO,DS,5,,0,TRUE,1
13,ANTONINA DEDONI,ULIVO,DS,4,,0,FALSE,1
13,CARLO LEONI,ULIVO,DS,4,,0,FALSE,1
13,CESARE DE PICCOLI,ULIVO,DS,4,LEGA,1,FALSE,1
13,DOMENICO MASELLI,ULIVO,DS,4,,0,FALSE,1
13,DOMENICO TUCCILLO,ULIVO,PPI,4,,0,FALSE,1
13,FABRIZIO VIGNI,ULIVO,DS,4,,0,FALSE,1
13,FRANCO GERARDINI,ULIVO,DS,4,,0,FALSE,1
13,GABRIELE FRIGATO,ULIVO,PPI,4,,0,FALSE,1
13,GIANANTONIO MAZZOCCHIN,ULIVO,PRI,4,PPI,1,FALSE,1
13,GIANFRANCO MORGANDO,ULIVO,PPI,4,DS,1,FALSE,1
13,GIORGIO BENVENUTO,ULIVO,PPI,4,DS,3,FALSE,1
13,GIORGIO PANATTONI,ULIVO,DS,4,,0,FALSE,1
13,GIOVANNI BRUNALE,ULIVO,DS,4,,0,FALSE,1
13,GIUSEPPE GIULIETTI,ULIVO,DS,4,,0,FALSE,1
13,GIUSEPPE LUMIA,ULIVO,DS,4,,0,FALSE,1
13,MARCO SUSINI,ULIVO,DS,4,,0,FALSE,1
13,PAOLO MANCA,ULIVO,PPI,4,FI,1,FALSE,1
13,PIERLUIGI PETRINI,ULIVO,PPI,4,DS,2,FALSE,1
13,RINO PISCITELLO,ULIVO,DEM,4,IDV,3,FALSE,1
13,CARLO STELLUTI,ULIVO,DS,3,,0,FALSE,1
13,DIEGO MASI,ULIVO,LEGA,3,,0,FALSE,1
13,ENZO CEREMIGNA,ULIVO,PSI,3,SDI,2,FALSE,1
13,FABIO EVANGELISTI,ULIVO,DS,3,,0,FALSE,1
13,FRANCO DANIELI,ULIVO,DS,3,RC,2,FALSE,1
13,FRANCO MONACO,ULIVO,PPI,3,DS,1,FALSE,1
13,GIANNICOLA SINISI,ULIVO,PPI,3,DS,1,FALSE,1
13,GIORGIO MERLO,ULIVO,PPI,3,DS,1,FALSE,1
13,GIOVANNA GRIGNAFFINI,ULIVO,DS,3,,0,FALSE,1
13,GIOVANNI CASTELLANI,ULIVO,PPI,3,,0,FALSE,1
13,GIUSEPPE PETRELLA,ULIVO,DS,3,,0,FALSE,1
13,MARCELLA LUCIDI,ULIVO,DS,3,,0,FALSE,1
13,MARIO PRESTAMBURGO,ULIVO,PPI,3,DEM,3,FALSE,1
13,MAURIZIO MIGLIAVACCA,ULIVO,DS,3,,0,FALSE,1
13,MAURO ZANI,ULIVO,DS,3,,0,FALSE,1
13,MICHELE ABBATE,ULIVO,PPI,3,DS,1,FALSE,1
13,MICHELE RICCI,ULIVO,PPI,3,,0,FALSE,1
13,NATALE D'AMICO,ULIVO,PPI,3,LEGA,2,FALSE,1
13,PIERO RUZZANTE,ULIVO,DS,3,,0,FALSE,1
13,RENATO CAMBURSANO,ULIVO,PPI,3,DEM,3,FALSE,1
13,ROBERTO BARBIERI,ULIVO,DS,3,,0,FALSE,1
13,SERGIO SOAVE,ULIVO,DS,3,FI,1,FALSE,1
13,SERGIO TRABATTONI,ULIVO,DS,3,,0,FALSE,1
13,UGO MALAGNINO,ULIVO,DS,3,,0,FALSE,1
13,VINCENZO VISCO,ULIVO,DS,3,PRI,1,FALSE,1
13,ANTONIO ATTILI,ULIVO,DS,2,,0,FALSE,1
13,ANTONIO RUBERTI,ULIVO,DS,2,,0,FALSE,1
13,BENIAMINO ANDREATTA,ULIVO,PPI,2,,0,FALSE,1
13,CLAUDIO BURLANDO,ULIVO,DS,2,,0,FALSE,1
13,COSIMO FAGGIANO,ULIVO,DS,2,,0,FALSE,1
13,DARIO ORTOLANO,ULIVO,RC,2,,0,FALSE,1
13,FABRIZIO CESETTI,ULIVO,DS,2,LEGA,1,FALSE,1
13,FRANCESCO MERLONI,ULIVO,PPI,2,,0,FALSE,1
13,FRANCO BASSANINI,ULIVO,DS,2,AN,1,FALSE,1
13,GIOVANNI DI FONZO,ULIVO,DS,2,,0,FALSE,1
13,GIOVANNI DI STASI,ULIVO,DS,2,,0,FALSE,1
13,GIUSEPPE DETOMAS,ULIVO,DS,2,DEM,1,FALSE,1
13,GIUSEPPE NIEDDA,ULIVO,PPI,2,,0,FALSE,1
13,GRAZIA LABATE,ULIVO,DS,2,,0,FALSE,1
13,LANFRANCO TURCI,ULIVO,DS,2,PRI,1,FALSE,1
13,LINO CARLO RAVA,ULIVO,DS,2,,0,FALSE,1
13,LUISA DEBIASIO CALIMANI,ULIVO,DS,2,,0,FALSE,1
13,MICHELE CAPPELLA,ULIVO,DS,2,,0,FALSE,1
13,MICHELE PINTO,ULIVO,PPI,2,DS,1,FALSE,1
13,MIMMO LUCÀ,ULIVO,DS,2,,0,FALSE,1
13,PAOLA MARIANI,ULIVO,DS,2,,0,FALSE,1
13,PAOLO RUBINO,ULIVO,DS,2,AN,1,FALSE,1
13,PIERO FASSINO,ULIVO,DS,2,,0,FALSE,1
13,ROBERTO PINZA,ULIVO,PPI,2,,0,FALSE,1
13,ROMANO PRODI,ULIVO,AN,2,PPI,1,FALSE,1
13,ROSA RUSSO IERVOLINO,ULIVO,LEGA,2,,0,FALSE,1
13,SALVATORE BUGLIO,ULIVO,DS,2,,0,FALSE,1
13,SALVATORE PICCOLO,ULIVO,PPI,2,,0,FALSE,1
13,SANDRO SCHMID,ULIVO,DS,2,,0,FALSE,1
13,VALTER BIELLI,ULIVO,DS,2,PPI,1,FALSE,1
13,ACHILLE OCCHETTO,ULIVO,RC,1,DS,1,FALSE,1
13,ALDO BRANCATI,ULIVO,PSI,1,,0,FALSE,1
13,ALFONSO PECORARO SCANIO,ULIVO,VERDI,1,,0,FALSE,1
13,ANTONIO PIZZINATO,ULIVO,DS,1,,0,FALSE,1
13,CARLO CARLI,ULIVO,DS,1,,0,FALSE,1
13,ELENA MONTECCHI,ULIVO,DS,1,LEGA,1,FALSE,1
13,ERNESTO ABATERUSSO,ULIVO,DS,1,,0,FALSE,1
13,ERNESTO STAJANO,ULIVO,PPI,1,,0,FALSE,1
13,FAMIANO CRUCIANELLI,ULIVO,DS,1,RC,1,FALSE,1
13,FRANCESCA CHIAVACCI,ULIVO,DS,1,,0,FALSE,1
13,FRANCESCO CARBONI,ULIVO,DS,1,,0,FALSE,1
13,FRANCO BONATO,ULIVO,RC,1,,0,FALSE,1
13,FRANCO CORLEONE,ULIVO,DS,1,,0,FALSE,1
13,GIANFRANCO NAPPI,ULIVO,RC,1,DS,1,FALSE,1
13,GIORGIO BOGI,ULIVO,DS,1,,0,FALSE,1
13,GIOVANNI MARONGIU,ULIVO,PPI,1,,0,FALSE,1
13,GIUSEPPE ALVETI,ULIVO,DS,1,,0,FALSE,1
13,GIUSEPPE GAMBALE,ULIVO,LEGA,1,,0,FALSE,1
13,GIUSEPPE SORIERO,ULIVO,DS,1,AN,1,FALSE,1
13,LEONARDO DOMENICI,ULIVO,DS,1,,0,FALSE,1
13,MARCELLO BASSO,ULIVO,DS,1,,0,FALSE,1
13,MARCO FUMAGALLI,ULIVO,DS,1,,0,FALSE,1
13,MARIA CHIARA ACCIARINI,ULIVO,RC,1,,0,FALSE,1
13,MARIO OLIVERIO,ULIVO,DS,1,,0,FALSE,1
13,MASSIMO BRUTTI,ULIVO,DS,1,,0,FALSE,1
13,MAURO CUTRUFO,ULIVO,UDC,1,,0,FALSE,1
13,NENÈ MANGIACAVALLO,ULIVO,DS,1,,0,FALSE,1
13,PAOLO POLENTA,ULIVO,PPI,1,,0,FALSE,1
13,PAOLO RAFFAELLI,ULIVO,DS,1,,0,FALSE,1
13,RENZO PENNA,ULIVO,DS,1,,0,FALSE,1
13,ROBERTO DI ROSA,ULIVO,DS,1,,0,FALSE,1
13,ROBERTO GUERZONI,ULIVO,DS,1,,0,FALSE,1
13,ROSARIO OLIVO,ULIVO,DS,1,,0,FALSE,1
13,ROSY BINDI,ULIVO,LEGA,1,PPI,1,FALSE,1
13,SALVATORE LADU,ULIVO,PPI,1,,0,FALSE,1
13,SERGIO MANZATO,ULIVO,DS,1,,0,FALSE,1
13,SILVIA BARBIERI,ULIVO,LEGA,1,,0,FALSE,1
13,TIZIANO TREU,ULIVO,PPI,1,,0,FALSE,1
13,VINCENZO SICA,ULIVO,DEM,1,,0,FALSE,1
13,WILLER BORDON,ULIVO,DEM,1,LEGA,1,FALSE,1
13,ADRIANA VIGNERI,ULIVO,,,,,FALSE,
13,ALDO SETTIMI,ULIVO,,,,,FALSE,
13,ANGELO FREDDA,ULIVO,,,,,FALSE,
13,ANTONIO MACCANICO,ULIVO,,,,,FALSE,
13,CESARE SALVI,ULIVO,,,,,FALSE,
13,DOMENICO ROMANO CARRATELLI,ULIVO,,,,,FALSE,
13,EDOARDO RONCHI,ULIVO,,,,,FALSE,
13,GAETANO RABBITO,ULIVO,,,,,FALSE,
13,GIAN FRANCO SCHIETROMA,ULIVO,,,,,FALSE,
13,GIANNI RIVERA,ULIVO,,,,,FALSE,
13,GIORDANO ANGELINI,ULIVO,,,,,FALSE,
13,GIOVANNA MELANDRI,ULIVO,,,,,FALSE,
13,GIUSEPPE ROSSIELLO,ULIVO,,,,,FALSE,
13,LAMBERTO DINI,ULIVO,,,,,FALSE,
13,LIVIA TURCO,ULIVO,,,,,FALSE,
13,LUCIANO GUERZONI,ULIVO,,,,,FALSE,
13,MARCO RIZZO,ULIVO,,,,,FALSE,
13,MARIA PIA VALETTO,ULIVO,,,,,FALSE,
13,MARIA RITA LORENZETTI,ULIVO,,,,,FALSE,
13,MARIO GATTO,ULIVO,,,,,FALSE,
13,MAURO VANNONI,ULIVO,,,,,FALSE,
13,ORNELLA PILONI,ULIVO,,,,,FALSE,
13,ORTENSIO ZECCHINO,ULIVO,,,,,FALSE,
13,OTTAVIANO DEL TURCO,ULIVO,,,,,FALSE,
13,PAOLO CORSINI,ULIVO,,,,,FALSE,
13,PAOLO PERUZZA,ULIVO,,,,,FALSE,
13,PATRIZIA TOIA,ULIVO,,,,,FALSE,
13,ROBERTO BORRONI,ULIVO,,,,,FALSE,
13,SEVERINO LAVAGNINI,ULIVO,,,,,FALSE,
13,UMBERTO CARPI,ULIVO,,,,,FALSE,
13,VALERIO CALZOLAIO,ULIVO,,,,,FALSE,
13,VINCENZO MARIA VITA,ULIVO,,,,,FALSE,
13,WALTER VELTRONI,ULIVO,,,,,FALSE,
14,ALESSANDRO CÈ,CDL,LEGA,127,FI,3,TRUE,1
14,GUIDO GIUSEPPE ROSSI,CDL,LEGA,105,,0,TRUE,1
14,DARIO GALLI,CDL,LEGA,99,FI,1,TRUE,1
14,UGO PAROLO,CDL,LEGA,95,,0,TRUE,1
14,IGNAZIO LA RUSSA,CDL,AN,83,LEGA,2,TRUE,1
14,LUCIANO DUSSIN,CDL,LEGA,83,AN,1,TRUE,1
14,TEODORO BUONTEMPO,CDL,AN,83,LEGA,8,TRUE,1
14,ANDREA GIBELLI,CDL,LEGA,72,AN,1,TRUE,1
14,CAROLINA LUSSANA,CDL,LEGA,60,,0,TRUE,1
14,GIANCARLO PAGLIARINI,CDL,LEGA,58,DS,1,TRUE,1
14,MASSIMO POLLEDRI,CDL,LEGA,43,FI,1,TRUE,1
14,DAVIDE CARLO CAPARINI,CDL,LEGA,37,AN,1,TRUE,1
14,CESARE RIZZI,CDL,LEGA,36,DS,2,TRUE,1
14,LUIGINO VASCON,CDL,LEGA,35,AN,1,TRUE,1
14,FEDERICO BRICOLO,CDL,LEGA,31,,0,TRUE,1
14,LUCA VOLONTÈ,CDL,UDC,30,FI,2,TRUE,1
14,MARCO ZACCHERA,CDL,AN,29,LEGA,2,TRUE,1
14,NUCCIO CARRARA,CDL,AN,28,LEGA,2,TRUE,1
14,CESARE ERCOLE,CDL,LEGA,27,DS,1,TRUE,1
14,FILIPPO ASCIERTO,CDL,AN,27,,0,TRUE,1
14,SERGIO ROSSI,CDL,LEGA,27,,0,TRUE,1
14,ANTONINO LO PRESTI,CDL,AN,25,,0,TRUE,1
14,MICHELE SAPONARA,CDL,FI,25,DS,1,TRUE,1
14,ERMINIA MAZZONI,CDL,UDC,24,AN,3,TRUE,1
14,NICOLÒ CRISTALDI,CDL,AN,24,LEGA,1,TRUE,1
14,VINCENZO TRANTINO,CDL,AN,24,DS,1,TRUE,1
14,FERDINANDO ADORNATO,CDL,FI,23,AN,2,TRUE,1
14,ALESSIO BUTTI,CDL,AN,22,,0,TRUE,1
14,ANTONIO PEPE,CDL,AN,22,,0,TRUE,1
14,CESARE CAMPA,CDL,FI,22,AN,2,TRUE,1
14,MAURIZIO LUPI,CDL,FI,22,,0,TRUE,1
14,PIETRO FONTANINI,CDL,LEGA,21,,0,TRUE,1
14,ROBERTO MENIA,CDL,AN,21,FI,1,TRUE,1
14,ALBERTO GIORGETTI,CDL,AN,20,FI,1,TRUE,1
14,NINO STRANO,CDL,AN,20,MARGH,1,TRUE,1
14,TOMMASO FOTI,CDL,AN,20,,0,TRUE,1
14,VITTORIO MESSA,CDL,AN,20,LEGA,1,TRUE,1
14,OSVALDO NAPOLI,CDL,FI,19,,0,TRUE,1
14,DARIO RIVOLTA,CDL,FI,18,MARGH,1,TRUE,1
14,FABRIZIO CICCHITTO,CDL,FI,18,,0,TRUE,1
14,GUIDO CROSETTO,CDL,FI,18,AN,2,TRUE,1
14,LUIGI VITALI,CDL,FI,18,LEGA,2,TRUE,1
14,GUSTAVO SELVA,CDL,AN,17,FI,2,TRUE,1
14,PIERFRANCESCO EMILIO ROMANO GAMBA,CDL,AN,17,,0,TRUE,1
14,AURELIO GIRONDA VERALDI,CDL,AN,16,,0,TRUE,1
14,GIAMPIETRO SCHERINI,CDL,FI,16,,0,TRUE,1
14,MARCELLO MEROI,CDL,AN,15,DS,1,TRUE,1
14,ETTORE PERETTI,CDL,UDC,14,,0,TRUE,1
14,GIAN FRANCO ANEDDA,CDL,AN,14,FI,1,TRUE,1
14,GIORGIO JANNONE,CDL,FI,14,,0,TRUE,1
14,REMO DI GIANDOMENICO,CDL,UDC,14,,0,TRUE,1
14,STEFANO SAGLIA,CDL,AN,14,,0,TRUE,1
14,CARLA CASTELLANI,CDL,AN,13,,0,TRUE,1
14,LUIGI CASERO,CDL,FI,13,,0,TRUE,1
14,SERGIO COLA,CDL,AN,13,LEGA,1,TRUE,1
14,BASILIO GERMANÀ,CDL,FI,12,,0,TRUE,1
14,BENITO PAOLONE,CDL,AN,12,FI,3,TRUE,1
14,FRANCESCA MARTINI,CDL,LEGA,12,,0,TRUE,1
14,FRANCESCO PAOLO LUCCHESE,CDL,UDC,12,AN,2,TRUE,1
14,GIORGIO BORNACIN,CDL,AN,12,,0,TRUE,1
14,GIUSEPPE NARO,CDL,UDC,12,,0,TRUE,1
14,SILVIO BERLUSCONI,CDL,FI,12,MARGH,1,TRUE,1
14,STEFANO LOSURDO,CDL,AN,12,LEGA,1,TRUE,1
14,BENITO SAVO,CDL,FI,11,DS,1,TRUE,1
14,BRUNO TABACCI,CDL,UDC,11,DS,2,TRUE,1
14,CARLO TAORMINA,CDL,FI,11,AN,1,TRUE,1
14,CIRO FALANGA,CDL,FI,11,PRI,2,TRUE,1
14,GIANNI MANCUSO,CDL,AN,11,,0,TRUE,1
14,MARIO PEPE,CDL,FI,11,,0,TRUE,1
14,ANTONIO MEREU,CDL,UDC,10,AN,1,TRUE,1
14,CARLO GIOVANARDI,CDL,FI,10,AN,5,TRUE,1
14,EDMONDO CIRIELLI,CDL,AN,10,FI,1,TRUE,1
14,GENNARO CORONELLA,CDL,AN,10,,0,TRUE,1
14,GIUSEPPE FRANCESCO MARIA MARINELLO,CDL,FI,10,AN,1,TRUE,1
14,EMERENZIO BARBIERI,CDL,UDC,9,,0,TRUE,1
14,FRANCO STRADELLA,CDL,FI,9,,0,TRUE,1
14,GIOVANNA BIANCHI CLERICI,CDL,LEGA,9,FI,1,TRUE,1
14,MARCO AIRAGHI,CDL,AN,9,,0,TRUE,1
14,MARIA BURANI PROCACCINI,CDL,FI,9,DS,1,TRUE,1
14,MARINO ZORZATO,CDL,FI,9,,0,TRUE,1
14,RODOLFO DE LAURENTIIS,CDL,UDC,9,,0,TRUE,1
14,SANDRO DELMASTRO DELLE VEDOVE,CDL,AN,9,,0,TRUE,1
14,ALBERTO DI LUCA,CDL,FI,8,,0,TRUE,1
14,ANNA MARIA LEONE,CDL,UDC,8,,0,TRUE,1
14,ENZO FRAGALÀ,CDL,AN,8,FI,1,TRUE,1
14,GAETANO PECORELLA,CDL,FI,8,AN,1,TRUE,1
14,GIACOMO VENTURA,CDL,FI,8,,0,TRUE,1
14,LUIGI MANINETTI,CDL,UDC,8,FI,1,TRUE,1
14,LUIGI RAMPONI,CDL,AN,8,,0,TRUE,1
14,MARIA TERESA ARMOSINO,CDL,FI,8,AN,2,TRUE,1
14,MARIO LANDOLFI,CDL,AN,8,,0,TRUE,1
14,MICHELE RANIELI,CDL,UDC,8,,0,TRUE,1
14,PIERANTONIO ZANETTIN,CDL,FI,8,,0,TRUE,1
14,PIETRO ARMANI,CDL,AN,8,,0,TRUE,1
14,ANDREA DI TEODORO,CDL,FI,7,,0,TRUE,1
14,ANGELA NAPOLI,CDL,AN,7,LEGA,2,TRUE,1
14,ANTONIO PEZZELLA,CDL,AN,7,FI,2,TRUE,1
14,EGIDIO STERPA,CDL,FI,7,,0,TRUE,1
14,GIACOMO STUCCHI,CDL,LEGA,7,,0,TRUE,1
14,GIUSEPPE PALUMBO,CDL,FI,7,,0,TRUE,1
14,LUIGI GASTALDI,CDL,FI,7,,0,TRUE,1
14,MICHELE TUCCI,CDL,UDC,7,,0,TRUE,1
14,RAFFAELE COSTA,CDL,FI,7,,0,TRUE,1
14,CARMINE SANTO PATARINO,CDL,AN,6,,0,TRUE,1
14,GIORGIO CONTE,CDL,AN,6,,0,TRUE,1
14,GIOVANNI DIDONÈ,CDL,LEGA,6,,0,TRUE,1
14,GIOVANNI MAURO,CDL,FI,6,,0,TRUE,1
14,GIUSEPPE COSSIGA,CDL,FI,6,,0,TRUE,1
14,GUIDO DUSSIN,CDL,LEGA,6,,0,TRUE,1
14,LUCA BELLOTTI,CDL,AN,6,,0,TRUE,1
14,PAOLO SANTULLI,CDL,FI,6,DS,1,TRUE,1
14,ROBERTO LAVAGNINI,CDL,FI,6,,0,TRUE,1
14,SILVIO LIOTTA,CDL,UDC,6,,0,TRUE,1
14,VINCENZO CANELLI,CDL,AN,6,,0,TRUE,1
14,VITTORIO EMANUELE FALSITTA,CDL,FI,6,,0,TRUE,1
14,VITTORIO TARDITI,CDL,FI,6,,0,TRUE,1
14,ANTONINO MORMINO,CDL,FI,5,,0,TRUE,1
14,ANTONIO ORICCHIO,CDL,FI,5,MARGH,4,TRUE,1
14,CARMINE DEGENNARO,CDL,UDC,5,,0,TRUE,1
14,DONATO BRUNO,CDL,FI,5,,0,TRUE,1
14,EUGENIO RICCIO,CDL,AN,5,,0,TRUE,1
14,FILIPPO MANCUSO,CDL,FI,5,MARGH,2,TRUE,1
14,FILIPPO MISURACA,CDL,FI,5,,0,TRUE,1
14,FRANCESCO CATANOSO GENOESE,CDL,AN,5,,0,TRUE,1
14,GIAMPAOLO NUVOLI,CDL,MARGH,5,RNP,2,TRUE,1
14,GIANFRANCO CONTE,CDL,FI,5,,0,TRUE,1
14,GIANTONIO ARNOLDI,CDL,FI,5,MARGH,1,TRUE,1
14,ITALICO PERLINI,CDL,FI,5,,0,TRUE,1
14,MASSIMO GRILLO,CDL,UDC,5,,0,TRUE,1
14,PAOLO RICCIOTTI,CDL,FI,5,,0,TRUE,1
14,ROBERTO MARONI,CDL,LEGA,5,,0,TRUE,1
14,SAVERIO LA GRUA,CDL,AN,5,,0,TRUE,1
14,ANGELO SANTORI,CDL,FI,4,,0,FALSE,1
14,ANTONIO BARBIERI,CDL,FI,4,,0,FALSE,1
14,ANTONIO PALMIERI,CDL,FI,4,,0,FALSE,1
14,ANTONIO VERRO,CDL,FI,4,,0,FALSE,1
14,CIRO ALFANO,CDL,UDC,4,,0,FALSE,1
14,FLAVIO TANZILLI,CDL,UDC,4,,0,FALSE,1
14,FRANCESCO BRUSCO,CDL,UDC,4,FI,1,FALSE,1
14,GIANFRANCO ROTONDI,CDL,FI,4,,0,FALSE,1
14,GIOVANNI MONGIELLO,CDL,UDC,4,MARGH,1,FALSE,1
14,GIUSEPPE DRAGO,CDL,UDC,4,,0,FALSE,1
14,GREGORIO FONTANA,CDL,FI,4,,0,FALSE,1
14,MARCO FOLLINI,CDL,UDC,4,MARGH,2,FALSE,1
14,RICCARDO CONTI,CDL,UDC,4,,0,FALSE,1
14,ROBERTO CASTELLI,CDL,LEGA,4,AN,1,FALSE,1
14,COSIMO VENTUCCI,CDL,FI,3,LEGA,1,FALSE,1
14,FABIO FATUZZO,CDL,AN,3,,0,FALSE,1
14,FABIO MINOLI ROTA,CDL,FI,3,,0,FALSE,1
14,FRANCESCO ONNIS,CDL,AN,3,,0,FALSE,1
14,GABRIELLA CARLUCCI,CDL,FI,3,,0,FALSE,1
14,GIANCARLO GIORGETTI,CDL,LEGA,3,AN,2,FALSE,1
14,GIANFRANCO FINI,CDL,AN,3,FI,3,FALSE,1
14,GIANLUIGI SCALTRITTI,CDL,FI,3,LEGA,1,FALSE,1
14,GIOVANNI DEODATO,CDL,FI,3,,0,FALSE,1
14,GIOVANNI JACINI,CDL,FI,3,,0,FALSE,1
14,GIUSEPPE VEGAS,CDL,FI,3,LEGA,1,FALSE,1
14,GUGLIELMO ROSITANI,CDL,AN,3,,0,FALSE,1
14,LUCIANO MARIO SARDELLI,CDL,FI,3,LEGA,1,FALSE,1
14,MARIO VALDUCCI,CDL,FI,3,,0,FALSE,1
14,MAURIZIO PANIZ,CDL,FI,3,,0,FALSE,1
14,PAOLO RUSSO,CDL,FI,3,,0,FALSE,1
14,ROBERTO TORTOLI,CDL,FI,3,,0,FALSE,1
14,ALESSANDRA MUSSOLINI,CDL,AN,2,VERDI,1,FALSE,1
14,ANDREA ORSINI,CDL,FI,2,,0,FALSE,1
14,BOBO CRAXI,CDL,PSI,2,,0,FALSE,1
14,CESARE CURSI,CDL,FI,2,AN,1,FALSE,1
14,CESARE PREVITI,CDL,FI,2,,0,FALSE,1
14,CHIARA MORONI,CDL,DS,2,PSI,1,FALSE,1
14,DORINA BIANCHI,CDL,MARGH,2,UDC,1,FALSE,1
14,EDOUARD BALLAMAN,CDL,LEGA,2,FI,1,FALSE,1
14,FILIPPO GIANNI,CDL,UDC,2,LEGA,1,FALSE,1
14,FRANCESCO ZAMA,CDL,FI,2,LEGA,1,FALSE,1
14,GABRIELLA MONDELLO,CDL,FI,2,,0,FALSE,1
14,GIOVANNI MARRAS,CDL,FI,2,,0,FALSE,1
14,GIULIO SCHMIDT,CDL,FI,2,LEGA,1,FALSE,1
14,GIUSEPPE ROMELE,CDL,FI,2,,0,FALSE,1
14,GUIDO MILANESE,CDL,FI,2,,0,FALSE,1
14,LEARCO SAPORITO,CDL,FI,2,,0,FALSE,1
14,LORENA MILANATO,CDL,FI,2,,0,FALSE,1
14,MANLIO CONTENTO,CDL,AN,2,,0,FALSE,1
14,MAURIZIO SAIA,CDL,AN,2,,0,FALSE,1
14,MIRKO TREMAGLIA,CDL,AN,2,,0,FALSE,1
14,NICCOLÒ GHEDINI,CDL,FI,2,,0,FALSE,1
14,NICOLA BONO,CDL,FI,2,AN,1,FALSE,1
14,NICOLÒ NICOLOSI,CDL,FI,2,,0,FALSE,1
14,PAOLO ROMANI,CDL,FI,2,DS,1,FALSE,1
14,RENZO PATRIA,CDL,FI,2,DS,1,FALSE,1
14,SABATINO ARACU,CDL,FI,2,,0,FALSE,1
14,UGO LISI,CDL,AN,2,FI,1,FALSE,1
14,UGO MARIA GIANFRANCO GRIMALDI,CDL,FI,2,,0,FALSE,1
14,VALENTINA APREA,CDL,FI,2,,0,FALSE,1
14,VINCENZO MILIOTO,CDL,PSI,2,FI,1,FALSE,1
14,ADRIANO PAROLI,CDL,FI,1,,0,FALSE,1
14,BENEDETTO NICOTRA,CDL,FI,1,,0,FALSE,1
14,CLAUDIO SCAJOLA,CDL,FI,1,,0,FALSE,1
14,DANIELE GALLI,CDL,FI,1,,0,FALSE,1
14,DANIELE MOLGORA,CDL,LEGA,1,AN,1,FALSE,1
14,DIEGO CAMMARATA,CDL,FI,1,,0,FALSE,1
14,EUGENIO VIALE,CDL,FI,1,,0,FALSE,1
14,FLAVIO RODEGHIERO,CDL,LEGA,1,,0,FALSE,1
14,FRANCESCO COLUCCI,CDL,FI,1,,0,FALSE,1
14,FRANCESCO MAIONE,CDL,FI,1,,0,FALSE,1
14,FRANCO CARDIELLO,CDL,AN,1,,0,FALSE,1
14,GASPARE GIUDICE,CDL,FI,1,,0,FALSE,1
14,GIANCARLO PITTELLI,CDL,FI,1,,0,FALSE,1
14,GIANFRANCO COZZI,CDL,UDC,1,,0,FALSE,1
14,GIANPAOLO DOZZO,CDL,LEGA,1,,0,FALSE,1
14,GIORGIO GALVAGNO,CDL,FI,1,,0,FALSE,1
14,GIOVANNI ALEMANNO,CDL,AN,1,,0,FALSE,1
14,GIUSEPPE CAMINITI,CDL,FI,1,,0,FALSE,1
14,GIUSEPPE FALLICA,CDL,FI,1,,0,FALSE,1
14,GIUSEPPE TARANTINO,CDL,FI,1,,0,FALSE,1
14,GIUSEPPE VALENTINO,CDL,AN,1,,0,FALSE,1
14,GUIDO POSSA,CDL,MARGH,1,,0,FALSE,1
14,JOLE SANTELLI,CDL,FI,1,,0,FALSE,1
14,MARCELLO TAGLIALATELA,CDL,AN,1,,0,FALSE,1
14,MARIO BACCINI,CDL,FI,1,,0,FALSE,1
14,MARIO MASINI,CDL,FI,1,,0,FALSE,1
14,MARIO TASSONE,CDL,FI,1,,0,FALSE,1
14,MICHELE GIUSEPPE VIETTI,CDL,AN,1,,0,FALSE,1
14,PAOLO CUCCU,CDL,FI,1,,0,FALSE,1
14,PIERGIORGIO MARTINELLI,CDL,LEGA,1,,0,FALSE,1
14,PIERO TESTONI,CDL,FI,1,,0,FALSE,1
14,ROBERTO ALBONI,CDL,AN,1,,0,FALSE,1
14,ROBERTO ANTONIONE,CDL,FI,1,,0,FALSE,1
14,ROCCO BUTTIGLIONE,CDL,FI,1,,0,FALSE,1
14,ROCCO CRIMI,CDL,FI,1,,0,FALSE,1
14,TERESIO DELFINO,CDL,UDC,1,,0,FALSE,1
14,UGO MARTINAT,CDL,DS,1,AN,1,FALSE,1
14,ALDO BRANCHER,CDL,,,,,FALSE,
14,ALFREDO VITO,CDL,,,,,FALSE,
14,ALTERO MATTEOLI,CDL,,,,,FALSE,
14,ANTONIO LORUSSO,CDL,,,,,FALSE,
14,CARMELO PORCU,CDL,,,,,FALSE,
14,DANILO MORETTI,CDL,,,,,FALSE,
14,DOMENICANTONIO SPINA DIANA,CDL,,,,,FALSE,
14,ENRICO LA LOGGIA,CDL,,,,,FALSE,
14,FRANCESCO AMORUSO,CDL,,,,,FALSE,
14,FRANCESCO BOSI,CDL,,,,,FALSE,
14,FRANCESCO SAVERIO ROMANO,CDL,,,,,FALSE,
14,GIULIANO URBANI,CDL,,,,,FALSE,
14,GIULIO LA STARZA,CDL,,,,,FALSE,
14,GIUSEPPE GALLO,CDL,,,,,FALSE,
14,GIUSEPPE SCALIA,CDL,,,,,FALSE,
14,MICHELE COSSA,CDL,,,,,FALSE,
14,PASQUALE VIESPOLI,CDL,,,,,FALSE,
14,PIER FERDINANDO CASINI,CDL,,,,,FALSE,
14,PUBLIO FIORI,CDL,,,,,FALSE,
14,RICCARDO RICCIUTI,CDL,,,,,FALSE,
14,ROBERTO CALDEROLI,CDL,,,,,FALSE,
14,SALVATORE CICU,CDL,,,,,FALSE,
14,STEFANIA PRESTIGIACOMO,CDL,,,,,FALSE,
14,STEFANO STEFANI,CDL,,,,,FALSE,
14,VINCENZO ZACCHEO,CDL,,,,,FALSE,
14,MARIO LETTIERI,ULIVO,MARGH,156,DS,4,TRUE,1
14,"",ULIVO,MARGH,127,FI,38,TRUE,5
14,LUANA ZANELLA,ULIVO,VERDI,89,PDCI,1,TRUE,1
14,GABRIELLA PISTONE,ULIVO,PDCI,85,DS,1,TRUE,1
14,PAOLO CENTO,ULIVO,VERDI,81,MARGH,1,TRUE,1
14,FRANCESCO BONITO,ULIVO,DS,80,,0,TRUE,1
14,ERMETE REALACCI,ULIVO,MARGH,79,VERDI,2,TRUE,1
14,MARCO LION,ULIVO,VERDI,79,DS,1,TRUE,1
14,LAURA CIMA,ULIVO,VERDI,78,DS,2,TRUE,1
14,GIORGIO BENVENUTO,ULIVO,DS,77,,0,TRUE,1
14,PIERO RUZZANTE,ULIVO,DS,74,,0,TRUE,1
14,AUGUSTO BATTAGLIA,ULIVO,DS,73,,0,TRUE,1
14,FABRIZIO VIGNI,ULIVO,DS,73,FI,1,TRUE,1
14,RENZO INNOCENTI,ULIVO,DS,72,,0,TRUE,1
14,VALDO SPINI,ULIVO,DS,72,MARGH,1,TRUE,1
14,VINCENZO SINISCALCHI,ULIVO,DS,72,,0,TRUE,1
14,GIOVANNA GRIGNAFFINI,ULIVO,DS,69,,0,TRUE,1
14,TINO IANNUZZI,ULIVO,MARGH,69,,0,TRUE,1
14,EUGENIO DUCA,ULIVO,DS,68,,0,TRUE,1
14,ALFIERO GRANDI,ULIVO,DS,67,MARGH,1,TRUE,1
14,RUGGERO RUGGERI,ULIVO,MARGH,66,DS,5,TRUE,1
14,GRAZIANO MAZZARELLO,ULIVO,DS,58,DEM,1,TRUE,1
14,ALFONSO PECORARO SCANIO,ULIVO,VERDI,55,MARGH,1,TRUE,1
14,CARLO LEONI,ULIVO,DS,55,,0,TRUE,1
14,NICOLA ROSSI,ULIVO,DS,55,MARGH,1,TRUE,1
14,WALTER TOCCI,ULIVO,DS,55,,0,TRUE,1
14,FRANCO RAFFALDINI,ULIVO,DS,54,,0,TRUE,1
14,RENZO LUSETTI,ULIVO,MARGH,52,DS,2,TRUE,1
14,LUIGI OLIVIERI,ULIVO,DS,51,RC,1,TRUE,1
14,MARCO BOATO,ULIVO,VERDI,51,DS,6,TRUE,1
14,VALERIO CALZOLAIO,ULIVO,DS,50,FI,4,TRUE,1
14,ROBERTO GUERZONI,ULIVO,DS,49,,0,TRUE,1
14,DONATO RENATO MOSELLA,ULIVO,MARGH,48,,0,TRUE,1
14,ELENA EMMA CORDONI,ULIVO,DS,47,MARGH,1,TRUE,1
14,GIORGIO PANATTONI,ULIVO,DS,47,MARGH,1,TRUE,1
14,LINO RAVA,ULIVO,DS,47,,0,TRUE,1
14,RICCARDO MARONE,ULIVO,DS,47,MARGH,1,TRUE,1
14,LELLO DI GIOIA,ULIVO,SDI,46,MARGH,3,TRUE,1
14,LUCA MARCORA,ULIVO,MARGH,46,DS,2,TRUE,1
14,MAURA COSSUTTA,ULIVO,PDCI,46,DS,3,TRUE,1
14,PIETRO MAURANDI,ULIVO,DS,46,,0,TRUE,1
14,LUCIANO VIOLANTE,ULIVO,DS,45,LEGA,1,TRUE,1
14,ARNALDO MARIOTTI,ULIVO,DS,44,,0,TRUE,1
14,DONATO PIGLIONICA,ULIVO,DS,44,MARGH,1,TRUE,1
14,LUIGI GIACCO,ULIVO,DS,44,,0,TRUE,1
14,SALVATORE ADDUCE,ULIVO,DS,43,,0,TRUE,1
14,CARMEN MOTTA,ULIVO,DS,42,,0,TRUE,1
14,MARCELLA LUCIDI,ULIVO,DS,42,LEGA,1,TRUE,1
14,GIUSEPPE FANFANI,ULIVO,MARGH,41,AN,1,TRUE,1
14,GIUSEPPE GIULIETTI,ULIVO,DS,41,,0,TRUE,1
14,ALDO PREDA,ULIVO,DS,40,,0,TRUE,1
14,GIOVANNI CARBONELLA,ULIVO,MARGH,39,,0,TRUE,1
14,MARCO STRADIOTTO,ULIVO,MARGH,39,,0,TRUE,1
14,GIANNICOLA SINISI,ULIVO,MARGH,38,DS,2,TRUE,1
14,ALBERTO NIGRA,ULIVO,DS,36,,0,TRUE,1
14,GIUSEPPE MOLINARI,ULIVO,MARGH,36,,0,TRUE,1
14,LAURA PENNACCHI,ULIVO,DS,36,,0,TRUE,1
14,SERGIO GAMBINI,ULIVO,DS,36,,0,TRUE,1
14,ANDREA LULLI,ULIVO,DS,35,,0,TRUE,1
14,FRANCA BIMBI,ULIVO,MARGH,35,DS,5,TRUE,1
14,GIUSEPPE ROSSIELLO,ULIVO,DS,35,LEGA,2,TRUE,1
14,MARCO SUSINI,ULIVO,DS,35,MARGH,1,TRUE,1
14,NICOLA CRISCI,ULIVO,DS,35,,0,TRUE,1
14,ANTONIO SODA,ULIVO,DS,34,LEGA,1,TRUE,1
14,CARLO CARLI,ULIVO,DS,34,MARGH,1,TRUE,1
14,GERARDO BIANCO,ULIVO,MARGH,33,FI,5,TRUE,1
14,MARCO RIZZO,ULIVO,PDCI,33,DS,1,TRUE,1
14,MICHELE VIANELLO,ULIVO,DS,33,,0,TRUE,1
14,ALBERTO FLUVI,ULIVO,DS,32,,0,TRUE,1
14,ALESSANDRO MARAN,ULIVO,DS,32,,0,TRUE,1
14,ROBERTA PINOTTI,ULIVO,DS,32,,0,TRUE,1
14,MASSIMO CIALENTE,ULIVO,DS,31,,0,TRUE,1
14,PIETRO FOLENA,ULIVO,DS,31,RC,16,TRUE,1
14,ROBERTO VILLETTI,ULIVO,SDI,31,RNP,6,TRUE,1
14,ROLANDO NANNICINI,ULIVO,DS,31,,0,TRUE,1
14,GIOVANNI KESSLER,ULIVO,DS,30,AN,2,TRUE,1
14,PIERLUIGI CASTAGNETTI,ULIVO,MARGH,30,DS,2,TRUE,1
14,LUIGI BORRELLI,ULIVO,DS,29,,0,TRUE,1
14,UGO INTINI,ULIVO,SDI,29,FI,2,TRUE,1
14,LORENZO ACQUARONE,ULIVO,MARGH,28,DS,5,TRUE,1
14,MICHELE VENTURA,ULIVO,DS,28,,0,TRUE,1
14,PIETRO GASPERONI,ULIVO,DS,28,,0,TRUE,1
14,PIETRO TIDEI,ULIVO,DS,26,MARGH,1,TRUE,1
14,SAURO SEDIOLI,ULIVO,DS,26,,0,TRUE,1
14,VALTER BIELLI,ULIVO,DS,26,PDCI,1,TRUE,1
14,CARLO ROGNONI,ULIVO,DS,25,,0,TRUE,1
14,KATIA BELLILLO,ULIVO,PDCI,25,DS,2,TRUE,1
14,MAURO AGOSTINI,ULIVO,DS,25,,0,TRUE,1
14,RENATO GALEAZZI,ULIVO,DS,25,,0,TRUE,1
14,ENRICO BUEMI,ULIVO,SDI,24,RNP,4,TRUE,1
14,ANTONIO RUGGHIA,ULIVO,DS,23,MARGH,1,TRUE,1
14,OLIVIERO DILIBERTO,ULIVO,PDCI,23,,0,TRUE,1
14,SERGIO SABATTINI,ULIVO,DS,23,RC,2,TRUE,1
14,GIANNI VERNETTI,ULIVO,MARGH,22,,0,TRUE,1
14,GIULIO SANTAGATA,ULIVO,MARGH,22,DS,3,TRUE,1
14,RICCARDO MILANA,ULIVO,MARGH,22,,0,TRUE,1
14,GABRIELE ALBONETTI,ULIVO,DS,21,,0,TRUE,1
14,MAURO CHIANALE,ULIVO,DS,21,,0,TRUE,1
14,RAFFAELLA MARIANI,ULIVO,DS,21,,0,TRUE,1
14,FRANCO MONACO,ULIVO,MARGH,20,,0,TRUE,1
14,DOMENICO PAPPATERRA,ULIVO,SDI,19,DS,1,TRUE,1
14,DOMENICO TUCCILLO,ULIVO,MARGH,19,DS,1,TRUE,1
14,GIANFRANCO MORGANDO,ULIVO,MARGH,19,,0,TRUE,1
14,LUIGI MEDURI,ULIVO,MARGH,19,,0,TRUE,1
14,ROBERTO BARBIERI,ULIVO,DS,19,,0,TRUE,1
14,ROBERTO RUTA,ULIVO,MARGH,19,DS,1,TRUE,1
14,FRANCESCO CARBONI,ULIVO,DS,18,,0,TRUE,1
14,GIOVANNI BIANCHI,ULIVO,MARGH,18,FI,1,TRUE,1
14,GIORGIO BOGI,ULIVO,DS,17,,0,TRUE,1
14,GIORGIO MERLO,ULIVO,MARGH,17,DS,1,TRUE,1
14,GIUSEPPE PETRELLA,ULIVO,DS,17,,0,TRUE,1
14,PIETRO SQUEGLIA,ULIVO,MARGH,17,,0,TRUE,1
14,ROBERTO ZACCARIA,ULIVO,MARGH,17,,0,TRUE,1
14,ALDO CENNAMO,ULIVO,DS,16,,0,TRUE,1
14,FULVIA BANDOLI,ULIVO,DS,16,PDCI,1,TRUE,1
14,GIOVANNI BELLINI,ULIVO,DS,16,,0,TRUE,1
14,SANDRO DE FRANCISCIS,ULIVO,MARGH,16,,0,TRUE,1
14,ALFREDO SANDRI,ULIVO,DS,15,,0,TRUE,1
14,FRANCO ANGIONI,ULIVO,DS,15,,0,TRUE,1
14,GLORIA BUFFO,ULIVO,DS,15,,0,TRUE,1
14,CARLA ROCCHI,ULIVO,MARGH,14,VERDI,6,TRUE,1
14,MASSIMO ZUNINO,ULIVO,DS,14,,0,TRUE,1
14,PAOLA MARIANI,ULIVO,DS,14,,0,TRUE,1
14,CLAUDIO FRANCI,ULIVO,PDCI,13,DS,4,TRUE,1
14,FABIO CIANI,ULIVO,MARGH,13,VERDI,1,TRUE,1
14,PIERO FASSINO,ULIVO,DS,13,,0,TRUE,1
14,RICCARDO VILLARI,ULIVO,MARGH,13,,0,TRUE,1
14,FAMIANO CRUCIANELLI,ULIVO,DS,12,,0,TRUE,1
14,ROSY BINDI,ULIVO,MARGH,12,DS,2,TRUE,1
14,ANDREA ANNUNZIATA,ULIVO,MARGH,11,,0,TRUE,1
14,DOMENICO BOVA,ULIVO,DS,11,,0,TRUE,1
14,FRANCO GROTTO,ULIVO,SDI,11,RNP,2,TRUE,1
14,GIORGIO PASETTO,ULIVO,MARGH,11,DS,2,TRUE,1
14,GIOVANNA MELANDRI,ULIVO,DS,11,,0,TRUE,1
14,MAURO BULGARELLI,ULIVO,VERDI,11,PDCI,1,TRUE,1
14,NERIO NESI,ULIVO,PDCI,11,RC,1,TRUE,1
14,RAFFAELLO DE BRASI,ULIVO,DS,11,,0,TRUE,1
14,ROBERTO PINZA,ULIVO,MARGH,11,DS,3,TRUE,1
14,ROSELLA OTTONE,ULIVO,DS,10,,0,TRUE,1
14,ANTONIO POTENZA,ULIVO,MARGH,9,VERDI,2,TRUE,1
14,DOMENICO VOLPINI,ULIVO,MARGH,9,DS,2,TRUE,1
14,ENZO CEREMIGNA,ULIVO,SDI,9,,0,TRUE,1
14,LIVIA TURCO,ULIVO,DS,9,,0,TRUE,1
14,ANTONELLO SORO,ULIVO,MARGH,8,,0,TRUE,1
14,COSIMO GIUSEPPE SGOBIO,ULIVO,PDCI,8,DS,1,TRUE,1
14,DARIO FRANCESCHINI,ULIVO,MARGH,8,,0,TRUE,1
14,PIER LUIGI BERSANI,ULIVO,DS,8,,0,TRUE,1
14,AGAZIO LOIERO,ULIVO,MARGH,7,DS,1,TRUE,1
14,LUIGI PEPE,ULIVO,MARGH,7,DS,2,TRUE,1
14,ORLANDO RUGGIERI,ULIVO,MARGH,7,,0,TRUE,1
14,ANGELO BOTTINO,ULIVO,MARGH,6,,0,TRUE,1
14,ARMANDO COSSUTTA,ULIVO,PDCI,6,,0,TRUE,1
14,MARINA SERENI,ULIVO,DS,6,,0,TRUE,1
14,MIMMO LUCÀ,ULIVO,DS,6,MARGH,1,TRUE,1
14,VINCENZO VISCO,ULIVO,DS,6,FI,1,TRUE,1
14,ALBERTA DE SIMONE,ULIVO,DS,5,VERDI,1,TRUE,1
14,FABIO MUSSI,ULIVO,DS,5,AN,1,TRUE,1
14,GIUSEPPE CAMO,ULIVO,MARGH,5,,0,TRUE,1
14,LAPO PISTELLI,ULIVO,MARGH,5,DS,1,TRUE,1
14,FRANCESCO RUTELLI,ULIVO,MARGH,4,,0,FALSE,1
14,GIUSEPPE ALBERTINI,ULIVO,SDI,4,,0,FALSE,1
14,GIUSEPPE GAMBALE,ULIVO,MARGH,4,FI,1,FALSE,1
14,MARCO FILIPPESCHI,ULIVO,DS,4,,0,FALSE,1
14,MARCO FUMAGALLI,ULIVO,DS,4,,0,FALSE,1
14,SALVATORE BUGLIO,ULIVO,DS,4,,0,FALSE,1
14,ANTONIO ROTUNDO,ULIVO,DS,3,,0,FALSE,1
14,BRUNO CAZZARO,ULIVO,DS,3,,0,FALSE,1
14,GIUSEPPE DETOMAS,ULIVO,MARGH,3,SDI,1,FALSE,1
14,MARIO OLIVERIO,ULIVO,DS,3,,0,FALSE,1
14,SALVATORE LADU,ULIVO,MARGH,3,,0,FALSE,1
14,VANNINO CHITI,ULIVO,DS,3,,0,FALSE,1
14,VINCENZO DE LUCA,ULIVO,DS,3,,0,FALSE,1
14,ANDREA PAPINI,ULIVO,MARGH,2,,0,FALSE,1
14,ANTONIO LUONGO,ULIVO,DS,2,,0,FALSE,1
14,ANTONIO MACCANICO,ULIVO,MARGH,2,,0,FALSE,1
14,ENRICO BOSELLI,ULIVO,SDI,2,RNP,2,FALSE,1
14,ENRICO MICHELI,ULIVO,MARGH,2,,0,FALSE,1
14,MASSIMO OSTILLIO,ULIVO,MARGH,2,VERDI,1,FALSE,1
14,PAOLA MANZINI,ULIVO,DS,2,,0,FALSE,1
14,ROBERTO SCIACCA,ULIVO,DS,2,PDCI,1,FALSE,1
14,ALBERTO STRAMACCIONI,ULIVO,DS,1,,0,FALSE,1
14,RICCARDO ILLY,ULIVO,VERDI,1,,0,FALSE,1
14,SAVERIO VERTONE,ULIVO,PDCI,1,,0,FALSE,1
14,ARTURO MARIO LUIGI PARISI,ULIVO,,,,,FALSE,
14,CIRIACO DE MITA,ULIVO,,,,,FALSE,
14,MARIA GRAZIA SILIQUINI,ULIVO,,,,,FALSE,
15,ARNOLD CASSOLA,UNIONE,VERDI,8,PD,1,TRUE,1
15,FRANCO NARDUCCI,UNIONE,ULIVO,2,,0,FALSE,1
15,GINO BUCCHINO,UNIONE,ULIVO,1,,0,FALSE,1
15,MARCO FEDI,UNIONE,ULIVO,1,,0,FALSE,1
15,MARIZA BAFILE,UNIONE,,,,,FALSE,
16,"",ULIVO,LEGA,143,PD,94,TRUE,7
17,"",ULIVO,M5S,482,PD,346,TRUE,8
18,DAVIDE CRIPPA ,CDX,M5S,288,,0,TRUE,2
18,GIUSI BARTOLOZZI ,CDX,FI,183,FDI,4,TRUE,2
18,SALVATORE CAIATA ,CDX,FDI,163,FI,5,TRUE,3
18,DAVIDE GALANTINO ,CDX,FDI,100,M5S,2,TRUE,3
18,MASSIMILIANO DE TOMA ,CDX,FDI,71,,0,TRUE,2
18,MAURIZIO LUPI ,CDX,FI,49,LEGA,13,TRUE,2
18,VITTORIO SGARBI ,CDX,FI,41,LEGA,22,TRUE,3
18,MICHELE SODANO ,CDX,M5S,36,FDI,2,TRUE,2
18,RAFFAELE BARATTO ,CDX,FI,36,PD,1,TRUE,2
18,MARA LAPIA ,CDX,M5S,28,,0,TRUE,2
18,MARIA TERESA BALDINI ,CDX,FDI,28,FI,16,TRUE,4
18,BRUNO TABACCI ,CDX,PD,27,RAD,6,TRUE,2
18,MARCO RIZZONE ,CDX,M5S,27,LEGA,2,TRUE,2
18,DANIELA RUFFINO ,CDX,FI,22,FDI,3,TRUE,2
18,YANA CHIARA EHM ,CDX,M5S,21,RC,21,FALSE,2
18,DORIANA SARLI ,CDX,RC,20,M5S,1,TRUE,2
18,ELISABETTA RIPANI ,CDX,FI,18,,0,TRUE,2
18,ANTONIO ZENNARO ,CDX,LEGA,16,M5S,9,TRUE,3
18,RAPHAEL RADUZZI ,CDX,M5S,16,FDI,1,TRUE,2
18,ROSALBA DE GIORGI ,CDX,M5S,15,,0,TRUE,2
18,MICHAELA BIANCOFIORE ,CDX,FI,14,FDI,9,TRUE,2
18,SIMONA SURIANO ,CDX,M5S,14,RC,11,TRUE,2
18,GIOVANNI VIANELLO ,CDX,M5S,13,FDI,4,TRUE,2
18,LUCIA SCANU ,CDX,M5S,13,FDI,6,TRUE,2
18,GIANLUCA ROSPI ,CDX,M5S,12,,0,TRUE,2
18,MANUELA GAGLIARDI ,CDX,FI,12,LEGA,1,TRUE,2
18,VERONICA GIANNONE ,CDX,FDI,9,FI,7,TRUE,4
18,FABIO BERARDINI ,CDX,M5S,7,,0,TRUE,2
18,MARIO DRAGHI,CDX,FI,6,PD,4,TRUE,1
18,NICOLA ACUNZO ,CDX,M5S,6,PD,1,TRUE,3
18,ALESSANDRA ERMELLINO ,CDX,M5S,5,LEGA,1,TRUE,2
18,SARA CUNIAL ,CDX,LEGA,4,,0,FALSE,1
18,SERGIO COSTA,CDX,M5S,4,,0,FALSE,1
18,ANDREA MANDELLI,CDX,FI,3,,0,FALSE,1
18,DANIELE BELOTTI,CDX,LEGA,3,,0,FALSE,1
18,EMILIO CARELLI ,CDX,M5S,3,,0,FALSE,2
18,CARLO UGO DE GIROLAMO ,CDX,M5S,2,PD,1,FALSE,2
18,ENRICO COSTA,CDX,FI,2,,0,FALSE,1
18,LUCIANA LAMORGESE,CDX,LEGA,2,PD,2,FALSE,1
18,PAOLO SAVONA,CDX,M5S,2,,0,FALSE,1
18,PIERA AIELLO ,CDX,FI,2,,0,FALSE,2
18,PIERANTONIO ZANETTIN,CDX,FI,2,,0,FALSE,1
18,ANNAGRAZIA CALABRIA,CDX,FI,1,,0,FALSE,1
18,DANIELE FRANCO,CDX,IV,1,,0,FALSE,1
18,GIORGIA ANDREUZZA,CDX,LEGA,1,,0,FALSE,1
18,GLORIA VIZZINI ,CDX,M5S,1,,0,FALSE,2
18,MARTINA PARISSE ,CDX,FDI,1,,0,FALSE,1
18,PATRIZIO BIANCHI,CDX,PD,1,M5S,1,FALSE,1
18,SIMONA BORDONALI,CDX,LEGA,1,,0,FALSE,1
18,TOMMASO FOTI,CDX,FDI,1,,0,FALSE,1
18,ALE COLUCCI ,CDX,,,,,FALSE,
18,ALESSANDRO MANUEL BENVENUTO,CDX,,,,,FALSE,
18,ALESSANDRO SORTE ,CDX,,,,,FALSE,
18,ALESSIO MATTIA VILLAROSA ,CDX,,,,,FALSE,
18,COSIMO SIBILIA ,CDX,,,,,FALSE,
18,ENRICO GIOVANNINI,CDX,,,,,FALSE,
18,ENZO MOAVERO MILANESI,CDX,,,,,FALSE,
18,GIOVANNI TRIA,CDX,,,,,FALSE,
18,GUIDO GERMANO PETTARIN,CDX,,,,,FALSE,
18,PAOLO FORMENTINI,CDX,,,,,FALSE,
18,ROBERTO CINGOLANI,CDX,,,,,FALSE,
18,TULLIO PATASSINI,CDX,,,,,FALSE,
18,MARCO MARIN ,CDX/CSX,FI,113,PD,1,TRUE,3
18,ENRICO COSTA ,CDX/CSX,FI,102,RAD,15,TRUE,3
18,GUIDO GERMANO PETTARIN ,CDX/CSX,FI,72,FDI,1,TRUE,3
18,CATELLO VITIELLO ,CDX/CSX,IV,53,FI,12,TRUE,5
18,STEFANO MUGNAI ,CDX/CSX,FI,34,PD,1,TRUE,3
18,SIMONA VIETINA ,CDX/CSX,FI,33,,0,TRUE,3
18,FRANCESCO FORCINITI ,CDX/CSX,M5S,30,FDI,4,TRUE,3
18,ROSA MENGA ,CDX/CSX,M5S,28,FDI,2,TRUE,3
18,GIORGIO SILLI ,CDX/CSX,FI,26,FDI,10,TRUE,4
18,PINO CABRAS ,CDX/CSX,M5S,26,RC,2,TRUE,3
18,MASSIMO ENRICO BARONI ,CDX/CSX,M5S,20,RC,1,TRUE,3
18,GIORGIO TRIZZINO ,CDX/CSX,M5S,19,PD,4,TRUE,3
18,OSVALDO NAPOLI ,CDX/CSX,FI,18,FDI,4,TRUE,3
18,ALVISE MANIERO ,CDX/CSX,M5S,16,FDI,1,TRUE,3
18,CRISTIAN ROMANIELLO ,CDX/CSX,VERDI,16,M5S,14,FALSE,3
18,JESSICA COSTANZO ,CDX/CSX,M5S,16,FDI,1,TRUE,3
18,RAFFAELE TRANO ,CDX/CSX,M5S,13,FDI,2,TRUE,3
18,ROSA ALBA TESTAMENTO ,CDX/CSX,M5S,10,FDI,1,TRUE,3
18,ALESSANDRO FUSACCHIA ,CDX/CSX,PD,9,PSI,3,TRUE,3
18,ANTONIO TASSO ,CDX/CSX,FDI,9,M5S,4,TRUE,3
18,EMANUELA CORDA ,CDX/CSX,M5S,9,,0,TRUE,3
18,ANDREA COLLETTI ,CDX/CSX,M5S,8,FDI,2,TRUE,3
18,FRANCESCO SAPIA ,CDX/CSX,M5S,8,FDI,2,TRUE,3
18,LORENZO FIORAMONTI ,CDX/CSX,PSI,8,VERDI,4,TRUE,2
18,SILVIA BENEDETTI ,CDX/CSX,RC,7,FI,3,TRUE,3
18,ANDREA VALLASCAS ,CDX/CSX,M5S,5,,0,TRUE,3
18,ANTONIO LOMBARDO ,CDX/CSX,M5S,5,PSI,1,TRUE,3
18,ELISA SIRAGUSA ,CDX/CSX,M5S,5,FDI,4,TRUE,3
18,NUNZIO ANGIOLA ,CDX/CSX,M5S,5,RAD,2,TRUE,3
18,FABIOLA BOLOGNA ,CDX/CSX,M5S,4,IV,1,FALSE,3
18,FLORA FRATE ,CDX/CSX,M5S,4,FDI,2,FALSE,4
18,MARIA LAURA PAXIA ,CDX/CSX,M5S,4,,0,FALSE,3
18,PAOLO GIULIODORI ,CDX/CSX,M5S,4,FDI,2,FALSE,3
18,ANDREA CECCONI ,CDX/CSX,PSI,1,,0,FALSE,3
18,ARIANNA SPESSOTTO ,CDX/CSX,,,,,FALSE,
18,LEDA VOLPI ,CDX/CSX,,,,,FALSE,
18,FEDERICO FORNARO ,CSX,LEU,279,PD,2,TRUE,1
18,STEFANO FASSINA ,CSX,LEU,82,FDI,9,TRUE,1
18,ERASMO PALAZZOTTO ,CSX,LEU,68,,0,TRUE,1
18,FEDERICO CONTE ,CSX,LEU,67,,0,TRUE,1
18,NICOLA STUMPO ,CSX,LEU,66,PD,1,TRUE,1
18,LAURA BOLDRINI ,CSX,LEU,62,PD,23,TRUE,2
18,ROSSELLA MURONI ,CSX,LEU,55,PSI,9,TRUE,1
18,ETTORE GUGLIELMO EPIFANI ,CSX,LEU,49,PD,2,TRUE,1
18,MICHELA ROSTAN ,CSX,LEU,45,IV,3,TRUE,3
18,BEATRICE LORENZIN ,CSX,PD,44,PSI,20,TRUE,2
18,GABRIELE TOCCAFONDI ,CSX,IV,43,PSI,14,TRUE,2
18,GIUSEPPINA OCCHIONERO ,CSX,IV,39,LEU,36,FALSE,2
18,LUCA PASTORINO ,CSX,LEU,32,PD,2,TRUE,1
18,SERSE SOVERINI ,CSX,PD,29,PSI,9,TRUE,2
18,NICOLA FRATOIANNI ,CSX,LEU,28,RC,2,TRUE,1
18,ROBERTO SPERANZA ,CSX,LEU,25,,0,TRUE,1
18,RICCARDO MAGI ,CSX,PD,24,RAD,12,TRUE,2
18,DEVIS DORI ,CSX,M5S,20,LEU,7,TRUE,2
18,RINA DE LORENZO ,CSX,LEU,20,M5S,5,TRUE,2
18,MARIA FLAVIA TIMBRO ,CSX,LEU,13,,0,TRUE,1
18,PIER LUIGI BERSANI ,CSX,LEU,3,,0,FALSE,1
18,STEFANO FASSINA,CSX,LEU,3,,0,FALSE,1
18,ROBERTO SPERANZA,CSX,LEU,2,,0,FALSE,1
18,ROSSELLA MURONI,CSX,LEU,1,,0,FALSE,1
18,ANDREA ROMANO,CSX,,,,,FALSE,
18,ERASMO PALAZZOTTO,CSX,,,,,FALSE,
18,FEDERICO FORNARO,CSX,,,,,FALSE,
18,LAURA BOLDRINI,CSX,,,,,FALSE,
18,PAOLO GENTILONI SILVERI,CSX,,,,,FALSE,
18,RICCARDO MAGI,CSX,,,,,FALSE,
18,ROBERTO GIACHETTI,CSX,,,,,FALSE,
