party_name,sigla
Fronte Democratico Popolare,PCI+PSI
Unità Socialista,PSDI
Blocco Nazionale,BN
Partito dei Contadini d'Italia,ALTRI
Partito Sardo d'Azione,ALTRI
Democrazia Cristiana,DC
Movimento Sociale Italiano,MSI
Partito Liberale Italiano,PLI
Partito Socialista Democratico Italiano,PSDI
Government,GOVERNO
Partito Comunista Italiano,PCI
Partito Socialista Italiano,PSI
Partito Repubblicano Italiano,PRI
Others,ALTRI
Partito Nazionale Monarchico,MON
Partito Popolare Sudtirolese,ALTRI
Verdi Arcobaleno,VERDI
Liga Lombarda,LEGA
Lista Pannella,RAD
Movimento per la Democrazia – La Rete,RETE
Partito Democratico della Sinistra,PDS
Partito della Rifondazione Comunista,RC
Federazione dei Verdi,VERDI
Lega Nord,LEGA
Polo delle Libertà,POLO
Patto Segni,ALTRI
Patto per l'Italia,ALTRI
Alleanza dei Progressisti,PROGR
Polo del Buon Governo,POLO
Centro Cristiano Democratico  / Cristiani Democratici Uniti,UDC
Lega d'Azione Meridionale,ALTRI
Alleanza Nazionale,AN
Unione / Centro,UDC
Partito Popolare Italiano,PPI
Forza Italia – Il Popolo della Libertà,FI
Polo per le Libertà,POLO
Popolari per Prodi,PPI
Lista Dini – Rinnovamento Italiano,ALTRI
Democrazia è Libertà – La Margherita,MARGH
L'Ulivo,ULIVO
Casa delle Libertà,CDL
Democrazia Cristiana per le Autonomie,ALTRI
Democratici di Sinistra,DS
Rosa nel Pugno,RNP
Partito dei Comunisti Italiani,PDCI
Unione Democratici per l'Europa,ALTRI
L'Unione-Prodi,UNIONE
Movimento per l'Autonomia,ALTRI
Partito Democratico,PD
Italia dei Valori,IDV
Sinistra Ecologia Libertà,SEL
Scelta Civica,ALTRI
Centro Democratico,ALTRI
Associativo Italiani all'Estero,ALTRI
Movimento 5 Stelle,M5S
Fratelli d'Italia,FDI
USEI,ALTRI
Lega,LEGA
Centrosinistra,CSX
Centrodestra,CDX
+Europa,ALTRI
MAIE,ALTRI
SVP-PATT,ALTRI
Union Valdôtaine,ALTRI
Partito Monarchico Popolare,MON
Movimento Comunità,ALTRI
Südtiroler Volkspartei,ALTRI
Partito Democratico Italiano di Unità Monarchica,MON
Partito Socialista di Unità Proletaria,PSIUP
PSI-PSDI Unificati,PSU
PCI-PSIUP,PCI
Partito Comunista Italiano-Indipendenti,PCI
Democrazia Proletaria,DP
Radicali,RAD
Partito di Unità Proletaria per il comunismo,PDUP
Liga Veneta,LEGA
Chair,PRESIDENZA
