legislature,sigla,seggi,fonte,da,certezza,nota
1,DC,306,wikipedia,,sicuro,
1,PCI+PSI,183,wikipedia,,sicuro,"gruppi PCI 133 + PSI 50 (eletti nel Fronte)"
1,PSDI,33,wikipedia,,sicuro,"gruppo Unità Socialista"
1,BN,14,wikipedia,,sicuro,"gruppo Liberale (Blocco Nazionale)"
1,MON,14,wikipedia,,sicuro,
1,PRI,10,wikipedia,,sicuro,
1,MSI,6,risultati elettorali,,sicuro,"nel gruppo misto"
1,MISTO,7,wikipedia,,sicuro,"misto 13 meno MSI"
2,DC,262,wikipedia,,sicuro,
2,PCI,143,wikipedia,,sicuro,
2,PSI,75,wikipedia,,sicuro,
2,MON,38,wikipedia,,sicuro,
2,MSI,29,wikipedia,,sicuro,
2,PSDI,19,wikipedia,,sicuro,
2,PLI,14,wikipedia,,sicuro,
2,PRI,5,wikipedia,,sicuro,
2,MISTO,4,wikipedia,,probabile,"il totale della pagina (589) non torna con il misto indicato (9)"
3,DC,273,wikipedia,,sicuro,
3,PCI,140,wikipedia,,sicuro,
3,PSI,84,wikipedia,,sicuro,
3,MSI,24,wikipedia,,sicuro,
3,PSDI,22,wikipedia,,sicuro,
3,MON,21,wikipedia,,sicuro,"PMP 13 + PNM 8"
3,PLI,17,wikipedia,,sicuro,
3,PRI,6,wikipedia,,sicuro,"nel gruppo misto"
3,MISTO,9,wikipedia,,sicuro,"misto 15 meno PRI"
4,DC,260,wikipedia,,sicuro,
4,PCI,166,wikipedia,,sicuro,
4,PSI,87,wikipedia,,sicuro,
4,PLI,39,wikipedia,,sicuro,
4,PSDI,33,wikipedia,,sicuro,
4,MSI,27,wikipedia,,sicuro,
4,MON,8,wikipedia,,sicuro,
4,PRI,6,wikipedia,,sicuro,
4,MISTO,4,wikipedia,,sicuro,
4,PSIUP,25,stima,PSI,da verificare,"scissione dal PSI, gennaio 1964"
5,DC,262,wikipedia,,sicuro,
5,PCI,171,wikipedia,,sicuro,
5,PSU,91,wikipedia,,sicuro,"PSI-PSDI unificati"
5,PLI,31,wikipedia,,sicuro,
5,MSI,23,wikipedia,,sicuro,
5,PSIUP,23,wikipedia,,sicuro,
5,PRI,9,wikipedia,,sicuro,
5,MON,5,wikipedia,,sicuro,
5,MISTO,10,wikipedia,,sicuro,
6,DC,266,wikipedia,,sicuro,
6,PCI,175,wikipedia,,sicuro,
6,PSI,61,wikipedia,,sicuro,
6,MSI,56,wikipedia,,sicuro,
6,PSDI,29,wikipedia,,sicuro,
6,PLI,20,wikipedia,,sicuro,
6,PRI,15,wikipedia,,sicuro,
6,MISTO,7,wikipedia,,sicuro,
7,DC,262,wikipedia,,sicuro,
7,PCI,221,wikipedia,,sicuro,
7,PSI,57,wikipedia,,sicuro,
7,MSI,34,wikipedia,,sicuro,
7,PSDI,15,wikipedia,,sicuro,
7,PRI,14,wikipedia,,sicuro,
7,DP,6,wikipedia,,sicuro,
7,PLI,5,wikipedia,,sicuro,
7,RAD,4,wikipedia,,sicuro,
7,MISTO,11,wikipedia,,sicuro,
7,DN,17,stima,MSI,da verificare,"scissione dall'MSI, dicembre 1976"
8,DC,261,wikipedia,,sicuro,
8,PCI,191,wikipedia,,sicuro,
8,PSI,62,wikipedia,,sicuro,
8,MSI,31,wikipedia,,sicuro,
8,PSDI,21,wikipedia,,sicuro,
8,RAD,18,wikipedia,,sicuro,
8,PRI,15,wikipedia,,sicuro,
8,PLI,8,wikipedia,,sicuro,
8,PDUP,6,wikipedia,,sicuro,
8,MISTO,16,wikipedia,,sicuro,
9,DC,224,wikipedia,,sicuro,
9,PCI,172,wikipedia,,sicuro,
9,PSI,73,wikipedia,,sicuro,
9,MSI,42,wikipedia,,sicuro,
9,PRI,28,wikipedia,,sicuro,
9,PSDI,23,wikipedia,,sicuro,
9,SI,20,wikipedia,,sicuro,
9,PLI,16,risultati elettorali,,probabile,"nel misto a inizio legislatura, poi gruppo"
9,RAD,11,risultati elettorali,,probabile,"nel misto a inizio legislatura, poi gruppo"
9,DP,7,risultati elettorali,,probabile,"nel misto a inizio legislatura, poi gruppo"
9,MISTO,14,wikipedia,,probabile,"misto 48 meno PLI, radicali e DP"
10,DC,234,wikipedia,,sicuro,
10,PCI,158,wikipedia,,sicuro,
10,PSI,93,wikipedia,,sicuro,
10,MSI,34,wikipedia,,sicuro,
10,PRI,21,wikipedia,,sicuro,
10,SI,20,wikipedia,,sicuro,
10,PSDI,16,wikipedia,,sicuro,
10,VERDI,12,wikipedia,,sicuro,
10,RAD,11,wikipedia,,sicuro,"gruppo Federalista europeo"
10,PLI,11,wikipedia,,sicuro,
10,DP,8,wikipedia,,sicuro,
10,MISTO,13,wikipedia,,sicuro,
11,DC,206,wikipedia,,sicuro,
11,PDS,107,wikipedia,,sicuro,
11,PSI,92,wikipedia,,sicuro,
11,LEGA,55,wikipedia,,sicuro,
11,RC,35,wikipedia,,sicuro,
11,MSI,34,wikipedia,,sicuro,
11,PRI,27,wikipedia,,sicuro,
11,PLI,17,wikipedia,,sicuro,
11,VERDI,16,wikipedia,,sicuro,
11,PSDI,16,wikipedia,,sicuro,
11,RETE,12,wikipedia,,sicuro,
11,RAD,6,wikipedia,,sicuro,"gruppo Federalista europeo"
11,MISTO,7,wikipedia,,sicuro,
12,PROGR,143,wikipedia,,sicuro,"Progressisti-Federativo: comprende il PDS"
12,LEGA,117,wikipedia,,sicuro,
12,FI,113,wikipedia,,sicuro,
12,AN,109,wikipedia,,sicuro,
12,RC,39,wikipedia,,sicuro,
12,PPI,33,wikipedia,,sicuro,
12,UDC,27,wikipedia,,sicuro,"CCD"
12,MISTO,49,wikipedia,,sicuro,
13,DS,172,wikipedia,,sicuro,"Sinistra Democratica-L'Ulivo: comprende il PDS"
13,FI,122,wikipedia,,sicuro,
13,AN,92,wikipedia,,sicuro,
13,PPI,67,wikipedia,,sicuro,
13,LEGA,59,wikipedia,,sicuro,
13,RC,35,wikipedia,,sicuro,
13,UDC,30,wikipedia,,sicuro,"CCD-CDU"
13,ALTRI,26,wikipedia,,sicuro,"Rinnovamento Italiano"
13,MISTO,26,wikipedia,,sicuro,
14,FI,178,wikipedia,,sicuro,
14,DS,137,wikipedia,,sicuro,
14,AN,99,wikipedia,,sicuro,
14,MARGH,80,wikipedia,,sicuro,
14,UDC,40,wikipedia,,sicuro,
14,LEGA,30,wikipedia,,sicuro,
14,MISTO,66,wikipedia,,probabile,"misto 52 + 14 seggi che la pagina non attribuisce; comprende RC, PdCI, Verdi, SDI, Nuovo PSI"
15,ULIVO,218,wikipedia,,sicuro,
15,FI,134,wikipedia,,sicuro,
15,AN,72,wikipedia,,sicuro,
15,RC,41,wikipedia,,sicuro,
15,UDC,39,wikipedia,,sicuro,
15,LEGA,23,wikipedia,,sicuro,
15,IDV,20,wikipedia,,sicuro,
15,RNP,18,wikipedia,,sicuro,
15,PDCI,16,wikipedia,,sicuro,"gruppo costituito a maggio 2006"
15,VERDI,16,wikipedia,,sicuro,"gruppo costituito a maggio 2006"
15,ALTRI,14,wikipedia,,sicuro,"Popolari-UDEUR"
15,MISTO,13,wikipedia,,sicuro,
16,FI,276,risultati elettorali,,sicuro,"Popolo della Libertà; la pagina riporta numeri che sommano a 638"
16,PD,217,risultati elettorali,,sicuro,
16,LEGA,60,risultati elettorali,,sicuro,
16,UDC,36,risultati elettorali,,sicuro,
16,IDV,29,risultati elettorali,,sicuro,
16,ALTRI,8,risultati elettorali,,sicuro,"MpA"
16,MISTO,4,risultati elettorali,,sicuro,
16,FLI,34,stima,FI,da verificare,"scissione dal PdL, luglio 2010"
17,PD,293,wikipedia,,sicuro,
17,M5S,109,wikipedia,,sicuro,
17,FI,97,wikipedia,,sicuro,"Popolo della Libertà"
17,ALTRI,47,wikipedia,,sicuro,"Scelta Civica"
17,SEL,37,wikipedia,,sicuro,
17,LEGA,20,wikipedia,,sicuro,
17,FDI,9,risultati elettorali,,sicuro,"nel gruppo misto"
17,MISTO,18,wikipedia,,sicuro,"misto 27 meno FdI"
17,LEU,37,stima,PD,da verificare,"Articolo 1-MDP, scissione dal PD, febbraio 2017"
18,M5S,227,wikipedia,,sicuro,
18,LEGA,125,wikipedia,,sicuro,
18,PD,112,wikipedia,,sicuro,
18,FI,104,wikipedia,,sicuro,
18,FDI,32,wikipedia,,sicuro,
18,LEU,14,wikipedia,,sicuro,
18,ALTRI,16,wikipedia,,sicuro,"NcI-UDC, SVP-PATT, +Europa, Civica Popolare, IEI, MAIE, USEI"
18,IV,25,stima,PD,da verificare,"scissione dal PD, settembre 2019"
